company_id,name,sector,hq_city,company_size,contact_email,contact_phone,active_postings,verified
CMP0001,bKash,Fintech / Mobile Financial Services,Dhaka,501-1000,careers@bkash.com.bd,01844902166,2,True
CMP0002,Nagad,Fintech / Mobile Financial Services,Dhaka,501-1000,careers@nagad.com.bd,01380850960,6,True
CMP0003,Pathao,Ride-sharing & Logistics,Dhaka,1000+,careers@pathao.com.bd,01987495119,6,True
CMP0004,Chaldal,E-commerce / Grocery,Dhaka,11-50,careers@chaldal.com.bd,01728197931,4,True
CMP0005,Daraz Bangladesh,E-commerce,Dhaka,501-1000,careers@darazbangladesh.com.bd,01625129578,6,True
CMP0006,Grameenphone,Telecommunications,Dhaka,501-1000,careers@grameenphone.com.bd,01509600356,0,True
CMP0007,Robi Axiata,Telecommunications,Dhaka,51-200,careers@robiaxiata.com.bd,01758739592,2,True
CMP0008,Banglalink,Telecommunications,Dhaka,51-200,careers@banglalink.com.bd,01521089028,6,True
CMP0009,Square Group,Pharmaceuticals & Conglomerate,Dhaka,201-500,careers@squaregroup.com.bd,01533342643,0,True
CMP0010,Beximco Group,Pharmaceuticals & Conglomerate,Dhaka,51-200,careers@beximcogroup.com.bd,01471607360,6,True
CMP0011,ACI Limited,Conglomerate / Consumer Goods,Dhaka,501-1000,careers@acilimited.com.bd,01469112898,3,True
CMP0012,Unilever Bangladesh,FMCG,Dhaka,11-50,careers@unileverbangladesh.com.bd,01379556331,1,True
CMP0013,BAT Bangladesh,FMCG,Dhaka,1000+,careers@batbangladesh.com.bd,01717006661,2,True
CMP0014,Marico Bangladesh,FMCG,Dhaka,201-500,careers@maricobangladesh.com.bd,01916431670,2,False
CMP0015,Nestlé Bangladesh,FMCG,Dhaka,201-500,careers@nestlébangladesh.com.bd,01502329028,5,True
CMP0016,Berger Paints Bangladesh,Manufacturing,Dhaka,51-200,careers@bergerpaintsbangladesh.com.bd,01900934596,1,True
CMP0017,Walton Group,Electronics Manufacturing,Gazipur,51-200,careers@waltongroup.com.bd,01722512073,3,True
CMP0018,Pran-RFL Group,Consumer Goods / Manufacturing,Dhaka,201-500,careers@pranrflgroup.com.bd,01949500507,3,True
CMP0019,City Bank,Banking,Dhaka,11-50,careers@citybank.com.bd,01608698221,5,True
CMP0020,BRAC Bank,Banking,Dhaka,11-50,careers@bracbank.com.bd,01361177687,2,False
CMP0021,Eastern Bank Limited (EBL),Banking,Dhaka,51-200,careers@easternbanklimited.com.bd,01804774258,6,True
CMP0022,Dutch-Bangla Bank,Banking,Dhaka,201-500,careers@dutchbanglabank.com.bd,01377932382,4,True
CMP0023,Standard Chartered Bangladesh,Banking,Dhaka,51-200,careers@standardcharteredbangladesh.com.bd,01816491334,1,True
CMP0024,The City Bank,Banking,Dhaka,51-200,careers@thecitybank.com.bd,01579889425,5,True
CMP0025,IDLC Finance,Financial Services,Dhaka,501-1000,careers@idlcfinance.com.bd,01706032020,2,True
CMP0026,MetLife Bangladesh,Insurance,Dhaka,51-200,careers@metlifebangladesh.com.bd,01397753967,1,True
CMP0027,Green Delta Insurance,Insurance,Dhaka,51-200,careers@greendeltainsurance.com.bd,01771485524,3,True
CMP0028,Therap (BD),Software / HealthTech,Dhaka,201-500,careers@therap.com.bd,01987158415,6,True
CMP0029,Brain Station 23,Software Development,Dhaka,501-1000,careers@brainstation23.com.bd,01721371184,5,True
CMP0030,Kaz Software,Software Development,Dhaka,51-200,careers@kazsoftware.com.bd,01668182683,6,True
CMP0031,Selise Digital Platforms,Software Development,Dhaka,51-200,careers@selisedigitalplatforms.com.bd,01903589298,6,True
CMP0032,Enosis Solutions,Software Development,Dhaka,1000+,careers@enosissolutions.com.bd,01583825212,0,True
CMP0033,Vivasoft Limited,Software Development,Dhaka,1000+,careers@vivasoftlimited.com.bd,01928963406,1,True
CMP0034,Optimizely (BD office),Software Development,Dhaka,201-500,careers@optimizely.com.bd,01677524014,3,False
CMP0035,Reve Systems,Telecom Software,Dhaka,1000+,careers@revesystems.com.bd,01899106227,5,True
CMP0036,Field Buzz,SaaS / Field Sales Tech,Dhaka,51-200,careers@fieldbuzz.com.bd,01462669335,6,False
CMP0037,Sheba Platform Limited,Services Marketplace,Dhaka,11-50,careers@shebaplatformlimited.com.bd,01526192372,1,False
CMP0038,ShopUp,E-commerce Enablement,Dhaka,201-500,careers@shopup.com.bd,01818481973,6,True
CMP0039,Khaas Food,AgriTech / E-commerce,Dhaka,501-1000,careers@khaasfood.com.bd,01797215406,2,True
CMP0040,iFarmer,AgriTech,Dhaka,201-500,careers@ifarmer.com.bd,01692743811,0,True
CMP0041,Arogga,HealthTech,Dhaka,1000+,careers@arogga.com.bd,01476601444,4,True
CMP0042,Maya Apa,HealthTech,Dhaka,1000+,careers@mayaapa.com.bd,01945101739,2,True
CMP0043,Truck Lagbe,Logistics Tech,Dhaka,501-1000,careers@trucklagbe.com.bd,01841789969,1,True
CMP0044,Paperfly,Logistics,Dhaka,1000+,careers@paperfly.com.bd,01609191911,6,False
CMP0045,RedX Logistics,Logistics,Dhaka,51-200,careers@redxlogistics.com.bd,01896605779,2,True
CMP0046,eCourier,Logistics,Dhaka,1000+,careers@ecourier.com.bd,01960392051,0,False
CMP0047,Sindabad.com,B2B E-commerce,Dhaka,201-500,careers@sindabadcom.com.bd,01874555347,3,True
CMP0048,Rokomari.com,E-commerce / Books,Dhaka,11-50,careers@rokomaricom.com.bd,01842388565,2,True
CMP0049,Evaly (Legacy),E-commerce,Dhaka,51-200,careers@evaly.com.bd,01355983541,6,True
CMP0050,Bikroy.com,Online Marketplace,Dhaka,11-50,careers@bikroycom.com.bd,01772634755,5,True
CMP0051,Bproperty,PropTech,Dhaka,501-1000,careers@bproperty.com.bd,01450139488,2,True
CMP0052,AK Khan Telecom,Telecommunications,Chattogram,201-500,careers@akkhantelecom.com.bd,01469131196,6,True
CMP0053,Summit Group,Energy & Infrastructure,Dhaka,201-500,careers@summitgroup.com.bd,01756261499,1,True
CMP0054,Orion Group,Conglomerate,Dhaka,11-50,careers@oriongroup.com.bd,01603824073,2,False
CMP0055,Akij Group,Conglomerate,Dhaka,51-200,careers@akijgroup.com.bd,01632043097,1,True
CMP0056,Meghna Group of Industries,Conglomerate,Dhaka,501-1000,careers@meghnagroupofindustries.com.bd,01736289696,3,True
CMP0057,Abul Khair Group,Conglomerate,Chattogram,201-500,careers@abulkhairgroup.com.bd,01546553585,5,True
CMP0058,KDS Group,Textiles & Manufacturing,Chattogram,11-50,careers@kdsgroup.com.bd,01938921878,5,True
CMP0059,Envoy Textiles,Textiles / RMG,Dhaka,201-500,careers@envoytextiles.com.bd,01735837490,0,True
CMP0060,DBL Group,Textiles / RMG,Dhaka,501-1000,careers@dblgroup.com.bd,01761208780,4,True
CMP0061,Ha-Meem Group,Textiles / RMG,Dhaka,201-500,careers@hameemgroup.com.bd,01415149409,3,True
CMP0062,Epyllion Group,Textiles / RMG,Dhaka,501-1000,careers@epylliongroup.com.bd,01463748453,3,True
CMP0063,Viyellatex Group,Textiles / RMG,Gazipur,1000+,careers@viyellatexgroup.com.bd,01628950905,6,True
CMP0064,Standard Group,Textiles / RMG,Dhaka,1000+,careers@standardgroup.com.bd,01391862339,0,True
CMP0065,Renata Limited,Pharmaceuticals,Dhaka,51-200,careers@renatalimited.com.bd,01871511696,6,True
CMP0066,Incepta Pharmaceuticals,Pharmaceuticals,Dhaka,501-1000,careers@inceptapharmaceuticals.com.bd,01452145264,3,True
CMP0067,Eskayef Pharmaceuticals,Pharmaceuticals,Dhaka,501-1000,careers@eskayefpharmaceuticals.com.bd,01633515718,0,True
CMP0068,Opsonin Pharma,Pharmaceuticals,Dhaka,201-500,careers@opsoninpharma.com.bd,01380512080,0,True
CMP0069,Popular Pharmaceuticals,Pharmaceuticals,Dhaka,11-50,careers@popularpharmaceuticals.com.bd,01399512397,2,True
CMP0070,Radiant Pharmaceuticals,Pharmaceuticals,Dhaka,51-200,careers@radiantpharmaceuticals.com.bd,01512959272,4,True
CMP0071,Delta Life Insurance,Insurance,Dhaka,1000+,careers@deltalifeinsurance.com.bd,01609081441,1,True
CMP0072,Pragati Insurance,Insurance,Dhaka,201-500,careers@pragatiinsurance.com.bd,01721739295,5,True
CMP0073,LankaBangla Finance,Financial Services,Dhaka,501-1000,careers@lankabanglafinance.com.bd,01671815352,5,True
CMP0074,UCB Fintech (upay),Fintech,Dhaka,51-200,careers@ucbfintech.com.bd,01960507918,6,True
CMP0075,Cellbazaar,Online Marketplace,Dhaka,11-50,careers@cellbazaar.com.bd,01799886834,5,True
CMP0076,Sheba.xyz,Services Marketplace,Dhaka,201-500,careers@shebaxyz.com.bd,01446666170,1,True
CMP0077,10 Minute School,EdTech,Dhaka,501-1000,careers@10minuteschool.com.bd,01696474080,0,True
CMP0078,Shikho,EdTech,Dhaka,51-200,careers@shikho.com.bd,01798250800,0,True
CMP0079,Bohubrihi,EdTech,Dhaka,201-500,careers@bohubrihi.com.bd,01706882850,3,True
CMP0080,Programming Hero,EdTech,Dhaka,51-200,careers@programminghero.com.bd,01435137399,0,True
CMP0081,Khan Academy Bangla (local partner),EdTech,Dhaka,11-50,careers@khanacademybangla.com.bd,01414035263,0,False
CMP0082,Newscred Bangladesh,Content Technology,Dhaka,201-500,careers@newscredbangladesh.com.bd,01429394694,6,True
CMP0083,Portonics,Consumer Electronics,Dhaka,51-200,careers@portonics.com.bd,01560666437,5,True
CMP0084,Symphony Mobile,Consumer Electronics,Dhaka,201-500,careers@symphonymobile.com.bd,01860723111,4,True
CMP0085,Fair Group (Fair Electronics),Electronics Manufacturing,Dhaka,51-200,careers@fairgroup.com.bd,01485246484,6,True
CMP0086,Minister Hi-Tech Park,Electronics Manufacturing,Gazipur,201-500,careers@ministerhitechpark.com.bd,01316318732,6,True
CMP0087,Navana Group,Automotive & Real Estate,Dhaka,1000+,careers@navanagroup.com.bd,01313062113,0,True
CMP0088,Rangs Group,Automotive & Conglomerate,Dhaka,501-1000,careers@rangsgroup.com.bd,01827908335,4,True
CMP0089,Aftab Automobiles,Automotive,Dhaka,11-50,careers@aftabautomobiles.com.bd,01454257306,4,True
CMP0090,Runner Automobiles,Automotive,Dhaka,501-1000,careers@runnerautomobiles.com.bd,01713235707,1,False
CMP0091,Bashundhara Group,Conglomerate / Real Estate,Dhaka,11-50,careers@bashundharagroup.com.bd,01748228501,6,True
CMP0092,Concord Group,Real Estate,Dhaka,11-50,careers@concordgroup.com.bd,01392550213,3,True
CMP0093,Sheltech,Real Estate,Dhaka,11-50,careers@sheltech.com.bd,01369130981,3,True
CMP0094,Building Technology & Ideas (BTI),Real Estate,Dhaka,11-50,careers@buildingtechnology&ideas.com.bd,01696496737,5,True
CMP0095,GMG Airlines,Aviation,Dhaka,1000+,careers@gmgairlines.com.bd,01877278532,2,True
CMP0096,US-Bangla Airlines,Aviation,Dhaka,201-500,careers@usbanglaairlines.com.bd,01642506420,5,True
CMP0097,Biman Bangladesh Airlines,Aviation,Dhaka,501-1000,careers@bimanbangladeshairlines.com.bd,01736253666,3,True
CMP0098,DHL Bangladesh,Logistics,Dhaka,501-1000,careers@dhlbangladesh.com.bd,01675556283,5,True
CMP0099,FedEx Bangladesh (agent),Logistics,Dhaka,51-200,careers@fedexbangladesh.com.bd,01739578654,1,True
CMP0100,PwC Bangladesh,Consulting / Audit,Dhaka,51-200,careers@pwcbangladesh.com.bd,01387496033,3,True
CMP0101,KPMG Bangladesh,Consulting / Audit,Dhaka,201-500,careers@kpmgbangladesh.com.bd,01868627036,4,False
CMP0102,Deloitte Bangladesh,Consulting / Audit,Dhaka,1000+,careers@deloittebangladesh.com.bd,01892693265,5,True
CMP0103,EY Bangladesh,Consulting / Audit,Dhaka,501-1000,careers@eybangladesh.com.bd,01475998011,1,True
CMP0104,A.K.M Group,Manufacturing,Dhaka,11-50,careers@akmgroup.com.bd,01905155323,0,True
CMP0105,Partex Group,Conglomerate,Dhaka,201-500,careers@partexgroup.com.bd,01759775244,6,True
CMP0106,TK Group of Industries,Conglomerate,Chattogram,11-50,careers@tkgroupofindustries.com.bd,01426189628,6,True
CMP0107,Confidence Group,Cement & Infrastructure,Chattogram,1000+,careers@confidencegroup.com.bd,01531271026,5,True
CMP0108,Crown Cement (Confidence),Manufacturing,Dhaka,501-1000,careers@crowncement.com.bd,01909579927,3,True
CMP0109,Fu-Wang Group,Real Estate & Food,Dhaka,11-50,careers@fuwanggroup.com.bd,01755151229,3,False
CMP0110,Index Group,Manufacturing,Dhaka,201-500,careers@indexgroup.com.bd,01413541597,5,True
