student_id,name,gender,email,phone,university,department,batch_year,semester,cgpa,district,skills,status
2239935000,Tanvir Parvin,M,tanvir.parvin1@brac.edu.bd,01486379402,BRAC University,Economics,2022,3,2.86,Gazipur,Node.js; React; Python; SQL; Django; Kotlin,Available
2122584000,Tahmina Karim,F,tahmina.karim2@north.edu.bd,01618495931,North South University,English,2021,3,3.19,Comilla,MongoDB; Spring Boot; Node.js; TensorFlow; Docker,Available
2225554000,Rafi Zaman,M,rafi.zaman3@brac.edu.bd,01819283276,BRAC University,Electrical & Electronic Engineering,2022,3,3.31,Bogura,TypeScript; Data Analysis; SQL; REST APIs; Spring Boot,Completed
2227572000,Shahana Alam,F,shahana.alam4@united.edu.bd,01872423884,United International University (UIU),Computer Science & Engineering,2022,2,3.08,Narayanganj,PHP Laravel; Power BI; UI/UX Design; SQL,Applied
2412796000,Bristy Ali,F,bristy.ali5@independent.edu.bd,01684801845,Independent University Bangladesh (IUB),Business Administration,2024,3,2.94,Rangpur,REST APIs; AWS; MongoDB; Python,Applied
2319317000,Rahat Kabir,M,rahat.kabir6@north.edu.bd,01780957015,North South University,Computer Science & Engineering,2023,10,3.87,Barishal,Git; Kotlin; MongoDB; SQL; C++,Interning
2138962000,Tanjina Rahman,F,tanjina.rahman7@brac.edu.bd,01996383465,BRAC University,Media & Journalism,2021,3,3.75,Sylhet,C++; REST APIs; Flutter; Excel,Available
2114770000,Nazia Sultana,F,nazia.sultana8@north.edu.bd,01351834738,North South University,Economics,2021,7,3.47,Dhaka,Python; Power BI; Git,Available
2412588000,Wasif Talukder,M,wasif.talukder9@american.edu.bd,01306513338,American International University-Bangladesh (AIUB),Architecture,2024,5,3.56,Narayanganj,AWS; Docker; TensorFlow; Node.js; REST APIs,Completed
2222604001,Israt Kabir,F,israt.kabir10@brac.edu.bd,01636026064,BRAC University,Architecture,2022,3,2.81,Sylhet,Python; Cybersecurity Basics; Django,Applied
2415861001,Anika Kabir,F,anika.kabir11@united.edu.bd,01309788208,United International University (UIU),Public Health,2024,4,3.02,Dhaka,PHP Laravel; TensorFlow; Excel,Interning
2435033001,Zawad Hossain,M,zawad.hossain12@east.edu.bd,01754353462,East West University,Economics,2024,3,3.46,Narayanganj,MongoDB; Python; AWS,Applied
2132638001,Kona Haque,F,kona.haque13@daffodil.edu.bd,01454278498,Daffodil International University,Electrical & Electronic Engineering,2021,9,2.84,Dinajpur,Kotlin; Spring Boot; C++; Data Analysis,Available
2212753001,Piash Uddin,M,piash.uddin14@daffodil.edu.bd,01848740164,Daffodil International University,Electrical & Electronic Engineering,2022,6,3.66,Bogura,Spring Boot; Figma; MongoDB; SQL,Available
2238007001,Rakibul Haque,M,rakibul.haque15@ahsanullah.edu.bd,01598262045,Ahsanullah University of Science and Technology (AUST),Civil Engineering,2022,9,3.44,Comilla,Python; Power BI; C++,Available
2323532001,Ehsan Akter,M,ehsan.akter16@united.edu.bd,01634216073,United International University (UIU),Electrical & Electronic Engineering,2023,10,3.89,Dinajpur,TypeScript; AWS; React; TensorFlow,Available
2234164001,Rayhan Siddique,M,rayhan.siddique17@brac.edu.bd,01985014294,BRAC University,Economics,2022,2,3.24,Comilla,Python; Cybersecurity Basics; Spring Boot; Data Analysis; Git,Applied
2432894001,Mahmudul Molla,M,mahmudul.molla18@american.edu.bd,01983561595,American International University-Bangladesh (AIUB),English,2024,11,3.22,Dhaka,Spring Boot; Node.js; Power BI; AWS,Applied
2335844001,Iqbal Bhuiyan,M,iqbal.bhuiyan19@brac.edu.bd,01746804436,BRAC University,Pharmacy,2023,8,3.43,Dinajpur,AWS; REST APIs; Machine Learning; TensorFlow,Available
2432389002,Kona Sultana,F,kona.sultana20@american.edu.bd,01400379176,American International University-Bangladesh (AIUB),Economics,2024,4,3.1,Rajshahi,Python; Cybersecurity Basics; Django; REST APIs; Figma,Interning
2124585002,Jubayer Sarker,M,jubayer.sarker21@independent.edu.bd,01789579868,Independent University Bangladesh (IUB),Business Administration,2021,3,2.97,Jessore,Node.js; Excel; Django; Java; Docker; C++,Applied
2335543002,Tania Parvin,F,tania.parvin22@university.edu.bd,01581223623,University of Liberal Arts Bangladesh (ULAB),Architecture,2023,5,3.69,Rajshahi,Git; Django; Spring Boot; Docker; Python; Figma,Available
2417883002,Anik Kabir,M,anik.kabir23@independent.edu.bd,01546688937,Independent University Bangladesh (IUB),Architecture,2024,2,3.23,Mymensingh,Cybersecurity Basics; PHP Laravel; Machine Learning,Available
2337624002,Tanzim Kabir,M,tanzim.kabir24@american.edu.bd,01362720465,American International University-Bangladesh (AIUB),Pharmacy,2023,12,3.64,Gazipur,C++; MongoDB; Excel; React; Machine Learning; PHP Laravel,Interning
2322341002,Rayhan Haque,M,rayhan.haque25@independent.edu.bd,01800330923,Independent University Bangladesh (IUB),Pharmacy,2023,8,3.33,Chattogram,Data Analysis; Django; Git,Interning
2423749002,Nayeem Reza,M,nayeem.reza26@north.edu.bd,01596631931,North South University,Economics,2024,6,3.5,Chattogram,Cybersecurity Basics; TypeScript; Figma,Applied
2138018002,Munira Aktar,F,munira.aktar27@north.edu.bd,01971657262,North South University,Media & Journalism,2021,7,3.56,Dhaka,Kotlin; Git; UI/UX Design,Interning
2435397002,Jerin Aktar,F,jerin.aktar28@daffodil.edu.bd,01765075273,Daffodil International University,Architecture,2024,8,3.15,Jessore,Python; Spring Boot; Docker; Django,Applied
2319464002,Rifah Haque,F,rifah.haque29@brac.edu.bd,01477701436,BRAC University,Media & Journalism,2023,10,3.92,Mymensingh,Django; TensorFlow; AWS,Applied
2336419003,Iqbal Reza,M,iqbal.reza30@east.edu.bd,01723374989,East West University,Architecture,2023,8,3.18,Barishal,Spring Boot; Figma; Cybersecurity Basics; Django; Java; SQL,Available
2321231003,Nabila Rashid,F,nabila.rashid31@brac.edu.bd,01871094777,BRAC University,Economics,2023,4,3.62,Bogura,Spring Boot; Node.js; Excel; Figma,Completed
2129056003,Rima Rahman,F,rima.rahman32@brac.edu.bd,01386999386,BRAC University,Architecture,2021,3,2.84,Chattogram,C++; PHP Laravel; Figma,Completed
2331986003,Priyanka Uddin,F,priyanka.uddin33@university.edu.bd,01323281206,University of Liberal Arts Bangladesh (ULAB),Pharmacy,2023,11,3.5,Rajshahi,Cybersecurity Basics; SQL; Git,Available
2338438003,Munira Sarker,F,munira.sarker34@brac.edu.bd,01618324210,BRAC University,Economics,2023,6,2.84,Jessore,Spring Boot; Git; PHP Laravel; REST APIs,Completed
2318679003,Iqbal Molla,M,iqbal.molla35@ahsanullah.edu.bd,01659401399,Ahsanullah University of Science and Technology (AUST),Media & Journalism,2023,9,3.6,Gazipur,Spring Boot; Kotlin; Excel; Flutter; Docker; Python,Available
2438245003,Tanzim Talukder,M,tanzim.talukder36@north.edu.bd,01655125674,North South University,Business Administration,2024,10,3.88,Chattogram,PHP Laravel; AWS; Git; Flutter,Applied
2317622003,Shahana Rahman,F,shahana.rahman37@american.edu.bd,01759770348,American International University-Bangladesh (AIUB),English,2023,7,3.81,Rangpur,REST APIs; Excel; Docker,Available
2134920003,Rahat Sultana,M,rahat.sultana38@daffodil.edu.bd,01612748467,Daffodil International University,Architecture,2021,2,3.62,Cox's Bazar,Excel; React; AWS; Python; Django,Completed
2233236003,Tanjina Sultana,F,tanjina.sultana39@east.edu.bd,01849972787,East West University,Pharmacy,2022,11,3.81,Cox's Bazar,Cybersecurity Basics; AWS; UI/UX Design; Kotlin; Spring Boot,Available
2414912004,Tahmina Mia,F,tahmina.mia40@ahsanullah.edu.bd,01966270289,Ahsanullah University of Science and Technology (AUST),Pharmacy,2024,7,3.45,Bogura,Cybersecurity Basics; AWS; Node.js; UI/UX Design,Applied
2433361004,Nabila Mahmud,F,nabila.mahmud41@university.edu.bd,01815865780,University of Liberal Arts Bangladesh (ULAB),Electrical & Electronic Engineering,2024,2,3.25,Gazipur,Python; Flutter; Spring Boot; UI/UX Design,Interning
2222612004,Mehedi Sheikh,M,mehedi.sheikh42@united.edu.bd,01350455623,United International University (UIU),Civil Engineering,2022,3,3.69,Khulna,Docker; TypeScript; Power BI,Completed
2237267004,Tuli Reza,F,tuli.reza43@ahsanullah.edu.bd,01640748217,Ahsanullah University of Science and Technology (AUST),Business Administration,2022,3,3.51,Mymensingh,Flutter; PHP Laravel; C++; Django,Interning
2324263004,Bristy Uddin,F,bristy.uddin44@united.edu.bd,01506409097,United International University (UIU),Pharmacy,2023,9,3.98,Khulna,Java; Django; Machine Learning; PHP Laravel; Data Analysis; REST APIs,Completed
2223240004,Lamia Molla,F,lamia.molla45@ahsanullah.edu.bd,01414562328,Ahsanullah University of Science and Technology (AUST),Economics,2022,11,3.52,Gazipur,Figma; Docker; Node.js,Applied
2326549004,Nazia Bhuiyan,F,nazia.bhuiyan46@daffodil.edu.bd,01604817549,Daffodil International University,Business Administration,2023,9,3.74,Barishal,Python; C++; Django; REST APIs; Machine Learning; Excel,Available
2136374004,Mahbuba Ahmed,F,mahbuba.ahmed47@united.edu.bd,01320047113,United International University (UIU),Architecture,2021,11,3.88,Khulna,Git; Python; Docker; Power BI,Interning
2433531004,Jubayer Sultana,M,jubayer.sultana48@independent.edu.bd,01537735158,Independent University Bangladesh (IUB),Public Health,2024,11,3.84,Khulna,Flutter; MongoDB; AWS,Available
2434475004,Tasnim Ali,F,tasnim.ali49@brac.edu.bd,01418393352,BRAC University,Electrical & Electronic Engineering,2024,3,3.54,Sylhet,Node.js; UI/UX Design; Django,Interning
2311422005,Tanzim Mahmud,M,tanzim.mahmud50@bangladesh.edu.bd,01868117758,Bangladesh University of Professionals (BUP),Business Administration,2023,4,2.91,Khulna,Django; PHP Laravel; UI/UX Design; React; TypeScript,Available
2135941005,Sourav Bhuiyan,M,sourav.bhuiyan51@brac.edu.bd,01671159212,BRAC University,Media & Journalism,2021,12,3.31,Rangpur,Node.js; Flutter; Machine Learning,Interning
2435831005,Jerin Sheikh,F,jerin.sheikh52@east.edu.bd,01673657661,East West University,English,2024,11,3.31,Bogura,Java; Power BI; Cybersecurity Basics; Git; REST APIs; Excel,Completed
2222099005,Ishrat Haque,F,ishrat.haque53@united.edu.bd,01928098851,United International University (UIU),English,2022,12,2.86,Bogura,Python; AWS; Java,Interning
2136119005,Rukhsar Mahmud,F,rukhsar.mahmud54@united.edu.bd,01985149368,United International University (UIU),Pharmacy,2021,6,3.18,Cox's Bazar,C++; REST APIs; Flutter; Django,Available
2126062005,Mahin Jahan,M,mahin.jahan55@united.edu.bd,01801836675,United International University (UIU),Civil Engineering,2021,4,3.88,Rangpur,React; TypeScript; C++; PHP Laravel; REST APIs,Available
2113579005,Ashraf Uddin,M,ashraf.uddin56@ahsanullah.edu.bd,01697643815,Ahsanullah University of Science and Technology (AUST),Media & Journalism,2021,2,3.68,Mymensingh,REST APIs; Python; Spring Boot,Interning
2436053005,Samira Uddin,F,samira.uddin57@united.edu.bd,01545107622,United International University (UIU),Media & Journalism,2024,10,2.81,Jessore,MongoDB; Node.js; React; SQL; Figma; REST APIs,Available
2321693005,Rumana Nasrin,F,rumana.nasrin58@brac.edu.bd,01516052975,BRAC University,Public Health,2023,3,3.29,Bogura,Python; UI/UX Design; PHP Laravel; AWS; Power BI; Machine Learning,Interning
2417484005,Rakib Mahmud,M,rakib.mahmud59@north.edu.bd,01783552312,North South University,Pharmacy,2024,10,3.82,Comilla,Django; UI/UX Design; Cybersecurity Basics; TypeScript; Python,Interning
2228601006,Sumaiya Khan,F,sumaiya.khan60@east.edu.bd,01527177449,East West University,Electrical & Electronic Engineering,2022,12,3.68,Cox's Bazar,REST APIs; PHP Laravel; Git; Power BI; MongoDB; UI/UX Design,Completed
2417041006,Ehsan Bhuiyan,M,ehsan.bhuiyan61@north.edu.bd,01698079359,North South University,Architecture,2024,2,3.77,Gazipur,Git; Python; MongoDB,Applied
2132381006,Orin Chowdhury,F,orin.chowdhury62@bangladesh.edu.bd,01725546659,Bangladesh University of Professionals (BUP),Architecture,2021,7,3.37,Mymensingh,Node.js; Django; Power BI; Docker,Applied
2423463006,Faisal Hossain,M,faisal.hossain63@independent.edu.bd,01714865281,Independent University Bangladesh (IUB),Public Health,2024,6,3.16,Narayanganj,Data Analysis; Figma; Git; Power BI,Applied
2228967006,Orin Siddique,F,orin.siddique64@north.edu.bd,01980592962,North South University,Civil Engineering,2022,5,2.99,Comilla,C++; Python; Figma; Java,Interning
2217731006,Zawad Rashid,M,zawad.rashid65@united.edu.bd,01483473597,United International University (UIU),Media & Journalism,2022,9,3.2,Bogura,Docker; MongoDB; Figma; Cybersecurity Basics,Interning
2413267006,Anika Zaman,F,anika.zaman66@independent.edu.bd,01881412478,Independent University Bangladesh (IUB),Public Health,2024,4,3.82,Comilla,Git; Flutter; Data Analysis,Completed
2417797006,Rakib Hossain,M,rakib.hossain67@daffodil.edu.bd,01952204727,Daffodil International University,Economics,2024,7,2.82,Barishal,Django; Machine Learning; Python; Data Analysis; React,Completed
2319991006,Jerin Islam,F,jerin.islam68@daffodil.edu.bd,01997117980,Daffodil International University,Computer Science & Engineering,2023,5,3.91,Rajshahi,Java; Figma; Django; TensorFlow; Cybersecurity Basics; Node.js,Applied
2337825006,Rezwan Uddin,M,rezwan.uddin69@american.edu.bd,01988067065,American International University-Bangladesh (AIUB),Media & Journalism,2023,5,2.98,Comilla,Kotlin; Data Analysis; Python,Applied
2232698007,Sadia Siddique,F,sadia.siddique70@ahsanullah.edu.bd,01977221704,Ahsanullah University of Science and Technology (AUST),English,2022,12,3.7,Cox's Bazar,C++; Node.js; Data Analysis; Excel; UI/UX Design,Interning
2337524007,Imran Aktar,M,imran.aktar71@brac.edu.bd,01954156676,BRAC University,Computer Science & Engineering,2023,6,3.97,Cox's Bazar,Spring Boot; Node.js; Git; SQL; Figma; Data Analysis,Interning
2337955007,Rima Sarker,F,rima.sarker72@united.edu.bd,01547962757,United International University (UIU),English,2023,3,2.85,Chattogram,Excel; Figma; UI/UX Design; Java,Available
2137655007,Ehsan Molla,M,ehsan.molla73@bangladesh.edu.bd,01413556909,Bangladesh University of Professionals (BUP),Civil Engineering,2021,3,3.2,Jessore,React; C++; MongoDB; REST APIs,Applied
2227521007,Sourav Siddique,M,sourav.siddique74@independent.edu.bd,01714473947,Independent University Bangladesh (IUB),Electrical & Electronic Engineering,2022,10,3.14,Mymensingh,Django; Java; React; TensorFlow; TypeScript,Applied
2216236007,Sabbir Chowdhury,M,sabbir.chowdhury75@university.edu.bd,01825831323,University of Liberal Arts Bangladesh (ULAB),Architecture,2022,9,3.57,Bogura,Excel; Figma; TypeScript,Interning
2412412007,Sadia Siddique,F,sadia.siddique76@east.edu.bd,01451778528,East West University,English,2024,10,2.83,Cox's Bazar,Power BI; TensorFlow; Flutter; Kotlin; AWS; Git,Applied
2115982007,Naeem Kabir,M,naeem.kabir77@american.edu.bd,01484249818,American International University-Bangladesh (AIUB),Computer Science & Engineering,2021,10,2.95,Cox's Bazar,Power BI; Django; Data Analysis; Kotlin; Figma,Available
2311464007,Sifat Talukder,M,sifat.talukder78@north.edu.bd,01684473647,North South University,Media & Journalism,2023,11,2.85,Gazipur,Git; SQL; Cybersecurity Basics; PHP Laravel; AWS,Interning
2423353007,Shakib Khan,M,shakib.khan79@american.edu.bd,01353714732,American International University-Bangladesh (AIUB),Architecture,2024,5,3.13,Barishal,TensorFlow; Data Analysis; Machine Learning; C++; Cybersecurity Basics,Applied
2416364008,Shakib Uddin,M,shakib.uddin80@daffodil.edu.bd,01570168733,Daffodil International University,Media & Journalism,2024,5,3.9,Mymensingh,SQL; Cybersecurity Basics; TypeScript; Flutter; Kotlin,Applied
2431133008,Tasnim Rahman,F,tasnim.rahman81@brac.edu.bd,01735841687,BRAC University,Media & Journalism,2024,6,3.79,Rangpur,C++; Spring Boot; Data Analysis; Machine Learning; Power BI; Node.js,Available
2126555008,Jerin Reza,F,jerin.reza82@east.edu.bd,01302578729,East West University,Business Administration,2021,8,3.44,Rangpur,Cybersecurity Basics; C++; SQL; MongoDB; Kotlin,Applied
2435902008,Sadman Jahan,M,sadman.jahan83@east.edu.bd,01694097499,East West University,Business Administration,2024,11,3.48,Barishal,Power BI; PHP Laravel; Figma; Flutter; React; Data Analysis,Interning
2434968008,Shakib Talukder,M,shakib.talukder84@american.edu.bd,01636897028,American International University-Bangladesh (AIUB),Public Health,2024,4,2.79,Barishal,SQL; React; Docker,Applied
2418531008,Piash Haque,M,piash.haque85@bangladesh.edu.bd,01849733484,Bangladesh University of Professionals (BUP),Architecture,2024,7,3.87,Narayanganj,Excel; Data Analysis; REST APIs; Cybersecurity Basics; TensorFlow,Interning
2426714008,Iqbal Zaman,M,iqbal.zaman86@brac.edu.bd,01652404157,BRAC University,Economics,2024,7,3.44,Rangpur,Figma; Java; PHP Laravel; REST APIs; Excel,Completed
2335450008,Mou Akter,F,mou.akter87@brac.edu.bd,01316571208,BRAC University,Public Health,2023,10,2.92,Rajshahi,Django; Node.js; REST APIs; Kotlin,Interning
2415706008,Anik Sheikh,M,anik.sheikh88@daffodil.edu.bd,01802620672,Daffodil International University,Architecture,2024,12,3.15,Gazipur,Cybersecurity Basics; Python; Git,Available
2128444008,Farzana Islam,F,farzana.islam89@brac.edu.bd,01642054932,BRAC University,Media & Journalism,2021,7,3.97,Barishal,C++; Kotlin; Docker; Spring Boot; SQL; Java,Available
2118822009,Ishrat Bhuiyan,F,ishrat.bhuiyan90@independent.edu.bd,01549904530,Independent University Bangladesh (IUB),Pharmacy,2021,4,3.15,Mymensingh,React; Spring Boot; Machine Learning; Django,Interning
2335833009,Rayhan Uddin,M,rayhan.uddin91@north.edu.bd,01568783391,North South University,Public Health,2023,3,3.2,Bogura,Django; C++; Flutter; Docker,Completed
2139281009,Nazia Nasrin,F,nazia.nasrin92@independent.edu.bd,01897187072,Independent University Bangladesh (IUB),Media & Journalism,2021,2,3.0,Chattogram,TypeScript; UI/UX Design; Kotlin; Docker,Interning
2325169009,Kona Talukder,F,kona.talukder93@north.edu.bd,01701704622,North South University,Architecture,2023,2,3.75,Barishal,PHP Laravel; Python; Node.js; AWS,Interning
2439835009,Mahbuba Ferdous,F,mahbuba.ferdous94@independent.edu.bd,01400478686,Independent University Bangladesh (IUB),Pharmacy,2024,3,2.91,Sylhet,Java; TypeScript; Excel; Machine Learning; Kotlin,Interning
2217868009,Mehedi Sultana,M,mehedi.sultana95@independent.edu.bd,01690306738,Independent University Bangladesh (IUB),Civil Engineering,2022,3,3.51,Chattogram,Django; SQL; Python,Applied
2226253009,Shakib Chowdhury,M,shakib.chowdhury96@american.edu.bd,01792687056,American International University-Bangladesh (AIUB),Civil Engineering,2022,11,3.04,Khulna,REST APIs; Kotlin; Django; AWS,Available
2224948009,Nawshin Kabir,F,nawshin.kabir97@north.edu.bd,01782634351,North South University,Pharmacy,2022,10,3.79,Rangpur,Power BI; C++; Docker; Node.js; Excel,Completed
2121647009,Mahbuba Hossain,F,mahbuba.hossain98@east.edu.bd,01454033173,East West University,Economics,2021,6,3.82,Comilla,Cybersecurity Basics; PHP Laravel; TensorFlow; REST APIs,Available
2329743009,Rifat Jahan,M,rifat.jahan99@brac.edu.bd,01875355609,BRAC University,English,2023,8,3.55,Chattogram,Spring Boot; Data Analysis; Kotlin; Flutter; Docker,Interning
2414214010,Rezwan Islam,M,rezwan.islam100@brac.edu.bd,01677252287,BRAC University,Media & Journalism,2024,6,3.16,Khulna,PHP Laravel; Django; Flutter; Excel; Git; UI/UX Design,Interning
2131794010,Hridoy Sheikh,M,hridoy.sheikh101@bangladesh.edu.bd,01509977008,Bangladesh University of Professionals (BUP),Public Health,2021,3,3.69,Rajshahi,C++; Git; Django; Python; Cybersecurity Basics; React,Applied
2338054010,Nusrat Islam,F,nusrat.islam102@american.edu.bd,01554615679,American International University-Bangladesh (AIUB),Civil Engineering,2023,2,3.74,Rajshahi,Java; Kotlin; C++; Django,Interning
2127213010,Rafi Uddin,M,rafi.uddin103@united.edu.bd,01959180339,United International University (UIU),Electrical & Electronic Engineering,2021,3,3.21,Cox's Bazar,Node.js; Git; React; TypeScript; Python; Flutter,Applied
2121256010,Mahjabin Rahman,F,mahjabin.rahman104@daffodil.edu.bd,01496856218,Daffodil International University,Civil Engineering,2021,4,3.93,Khulna,Cybersecurity Basics; Power BI; Machine Learning; Python,Available
2337499010,Tasnim Ahmed,F,tasnim.ahmed105@american.edu.bd,01662961943,American International University-Bangladesh (AIUB),Electrical & Electronic Engineering,2023,11,3.94,Rajshahi,React; Git; Spring Boot; Docker; Flutter,Applied
2422745010,Fahim Karim,M,fahim.karim106@north.edu.bd,01678886101,North South University,Business Administration,2024,7,2.86,Sylhet,Docker; Data Analysis; Cybersecurity Basics; Spring Boot; Java,Available
2427779010,Shahana Hossain,F,shahana.hossain107@east.edu.bd,01862244472,East West University,English,2024,2,3.23,Gazipur,TensorFlow; Excel; Django,Applied
2425123010,Shahriar Kabir,M,shahriar.kabir108@brac.edu.bd,01659657569,BRAC University,Civil Engineering,2024,3,3.91,Khulna,MongoDB; Cybersecurity Basics; SQL; Docker; Java; C++,Available
2417524010,Iqbal Haque,M,iqbal.haque109@east.edu.bd,01646519398,East West University,Economics,2024,7,3.94,Jessore,TensorFlow; Power BI; Git; Flutter; PHP Laravel,Available
2222133011,Piash Islam,M,piash.islam110@bangladesh.edu.bd,01866179796,Bangladesh University of Professionals (BUP),Architecture,2022,9,3.76,Khulna,REST APIs; Flutter; C++; Git; Figma; Django,Interning
2116816011,Rumana Rahman,F,rumana.rahman111@ahsanullah.edu.bd,01956101438,Ahsanullah University of Science and Technology (AUST),English,2021,3,2.95,Narayanganj,PHP Laravel; Git; REST APIs,Applied
2218909011,Sourav Siddique,M,sourav.siddique112@independent.edu.bd,01775717751,Independent University Bangladesh (IUB),Media & Journalism,2022,7,2.88,Mymensingh,Python; Java; C++; Data Analysis; Figma; UI/UX Design,Interning
2313692011,Farzana Aktar,F,farzana.aktar113@united.edu.bd,01636226609,United International University (UIU),Computer Science & Engineering,2023,12,3.89,Comilla,Kotlin; TypeScript; Excel; UI/UX Design,Applied
2222025011,Sourav Talukder,M,sourav.talukder114@american.edu.bd,01978596969,American International University-Bangladesh (AIUB),Computer Science & Engineering,2022,5,3.46,Chattogram,Data Analysis; UI/UX Design; SQL; Docker,Available
2235873011,Ehsan Siddique,M,ehsan.siddique115@university.edu.bd,01325286692,University of Liberal Arts Bangladesh (ULAB),Media & Journalism,2022,12,3.88,Chattogram,REST APIs; C++; UI/UX Design,Available
2219022011,Ishrat Khan,F,ishrat.khan116@american.edu.bd,01372368876,American International University-Bangladesh (AIUB),Public Health,2022,10,3.11,Cox's Bazar,UI/UX Design; Docker; MongoDB; Node.js,Applied
2231505011,Nawshin Nasrin,F,nawshin.nasrin117@university.edu.bd,01979788191,University of Liberal Arts Bangladesh (ULAB),Architecture,2022,3,3.73,Comilla,Figma; Node.js; Spring Boot; Django,Available
2134580011,Rumana Rashid,F,rumana.rashid118@bangladesh.edu.bd,01374517133,Bangladesh University of Professionals (BUP),Public Health,2021,9,3.97,Rajshahi,TensorFlow; Git; Cybersecurity Basics,Available
2211972011,Jerin Sheikh,F,jerin.sheikh119@american.edu.bd,01581260422,American International University-Bangladesh (AIUB),Media & Journalism,2022,5,3.45,Khulna,MongoDB; Excel; TypeScript; UI/UX Design; Power BI,Available
2415402012,Rezwan Nasrin,M,rezwan.nasrin120@independent.edu.bd,01577590175,Independent University Bangladesh (IUB),Economics,2024,9,3.52,Bogura,Docker; Python; Git; TensorFlow; Machine Learning; Kotlin,Available
2226289012,Hridoy Ali,M,hridoy.ali121@brac.edu.bd,01301701277,BRAC University,Pharmacy,2022,9,3.77,Dinajpur,Excel; PHP Laravel; C++; Flutter; UI/UX Design,Interning
2322529012,Rakib Akter,M,rakib.akter122@bangladesh.edu.bd,01536110371,Bangladesh University of Professionals (BUP),Business Administration,2023,4,3.56,Dhaka,Python; Data Analysis; REST APIs; Git; TypeScript,Applied
2136629012,Sifat Alam,M,sifat.alam123@american.edu.bd,01315542622,American International University-Bangladesh (AIUB),Architecture,2021,2,3.76,Chattogram,Power BI; C++; Flutter; Python; Django; Machine Learning,Interning
2434490012,Shovon Talukder,M,shovon.talukder124@north.edu.bd,01321965652,North South University,Business Administration,2024,7,3.52,Cox's Bazar,AWS; MongoDB; REST APIs; Docker,Available
2335942012,Tanzim Sheikh,M,tanzim.sheikh125@north.edu.bd,01937613791,North South University,Public Health,2023,2,3.0,Dhaka,TensorFlow; Machine Learning; Figma; Git,Interning
2433830012,Ashraf Jahan,M,ashraf.jahan126@independent.edu.bd,01306848666,Independent University Bangladesh (IUB),Pharmacy,2024,7,3.69,Dhaka,React; PHP Laravel; Python,Available
2119377012,Hridoy Mia,M,hridoy.mia127@east.edu.bd,01814630316,East West University,Civil Engineering,2021,6,3.88,Narayanganj,Excel; UI/UX Design; Machine Learning; PHP Laravel,Interning
2213248012,Rayhan Molla,M,rayhan.molla128@east.edu.bd,01441056481,East West University,Civil Engineering,2022,3,3.61,Khulna,Flutter; Data Analysis; Kotlin; TensorFlow,Available
2323734012,Tuli Sheikh,F,tuli.sheikh129@north.edu.bd,01700030756,North South University,Architecture,2023,2,3.2,Chattogram,Cybersecurity Basics; Java; PHP Laravel; REST APIs; TensorFlow,Available
2425067013,Zawad Jahan,M,zawad.jahan130@bangladesh.edu.bd,01323806174,Bangladesh University of Professionals (BUP),Computer Science & Engineering,2024,5,3.26,Comilla,Spring Boot; Python; PHP Laravel; Data Analysis; Java,Interning
2325979013,Nowrin Hossain,F,nowrin.hossain131@east.edu.bd,01883206038,East West University,Computer Science & Engineering,2023,5,3.66,Jessore,Docker; Data Analysis; PHP Laravel; Flutter,Interning
2319680013,Nusrat Haque,F,nusrat.haque132@north.edu.bd,01986571918,North South University,Pharmacy,2023,3,3.96,Dinajpur,Flutter; Node.js; C++; Spring Boot; Python; TensorFlow,Available
2414879013,Rifat Hossain,M,rifat.hossain133@east.edu.bd,01429121277,East West University,Computer Science & Engineering,2024,12,3.11,Khulna,Machine Learning; Power BI; TensorFlow; UI/UX Design; Docker,Available
2425341013,Nawshin Ahmed,F,nawshin.ahmed134@east.edu.bd,01703521356,East West University,Economics,2024,6,3.8,Cox's Bazar,TypeScript; REST APIs; Figma,Interning
2125093013,Iqbal Karim,M,iqbal.karim135@university.edu.bd,01423651994,University of Liberal Arts Bangladesh (ULAB),Business Administration,2021,8,2.87,Dhaka,C++; Java; React,Interning
2223007013,Tanvir Hossain,M,tanvir.hossain136@brac.edu.bd,01625324472,BRAC University,Architecture,2022,3,2.8,Dhaka,Node.js; TypeScript; PHP Laravel; AWS; Machine Learning; Flutter,Applied
2438848013,Adnan Molla,M,adnan.molla137@east.edu.bd,01480657875,East West University,Civil Engineering,2024,8,2.83,Dinajpur,Machine Learning; C++; AWS; SQL; Git,Interning
2221959013,Sharmin Karim,F,sharmin.karim138@brac.edu.bd,01580396522,BRAC University,English,2022,2,3.74,Rajshahi,Kotlin; Data Analysis; PHP Laravel; Django; TypeScript; Java,Interning
2133328013,Sifat Haque,M,sifat.haque139@ahsanullah.edu.bd,01339308705,Ahsanullah University of Science and Technology (AUST),English,2021,7,3.44,Mymensingh,Flutter; Excel; Figma; TypeScript,Available
2113320014,Naeem Haque,M,naeem.haque140@united.edu.bd,01552267528,United International University (UIU),English,2021,2,3.7,Gazipur,Python; Data Analysis; Power BI; REST APIs; Machine Learning,Available
2435825014,Lamia Reza,F,lamia.reza141@east.edu.bd,01702959391,East West University,Business Administration,2024,6,2.91,Cox's Bazar,Power BI; PHP Laravel; Machine Learning,Completed
2312453014,Jannatul Haque,F,jannatul.haque142@ahsanullah.edu.bd,01510067626,Ahsanullah University of Science and Technology (AUST),Economics,2023,7,3.76,Bogura,Docker; React; Spring Boot; SQL; Django,Available
2434695014,Sharmin Siddique,F,sharmin.siddique143@east.edu.bd,01315262181,East West University,Electrical & Electronic Engineering,2024,11,2.95,Barishal,Node.js; Figma; React,Available
2418113014,Munira Molla,F,munira.molla144@daffodil.edu.bd,01884443106,Daffodil International University,Computer Science & Engineering,2024,12,2.94,Bogura,UI/UX Design; SQL; AWS,Applied
2138869014,Jannatul Rahman,F,jannatul.rahman145@independent.edu.bd,01614677418,Independent University Bangladesh (IUB),Pharmacy,2021,6,3.0,Khulna,SQL; TypeScript; Git,Completed
2215313014,Rima Siddique,F,rima.siddique146@daffodil.edu.bd,01315869380,Daffodil International University,English,2022,9,3.29,Jessore,Django; Spring Boot; PHP Laravel; Node.js; C++,Interning
2222293014,Nazia Kabir,F,nazia.kabir147@bangladesh.edu.bd,01972233206,Bangladesh University of Professionals (BUP),Architecture,2022,9,3.24,Gazipur,Kotlin; PHP Laravel; REST APIs,Available
2332097014,Rakib Akter,M,rakib.akter148@bangladesh.edu.bd,01786162299,Bangladesh University of Professionals (BUP),Business Administration,2023,7,2.86,Jessore,Excel; UI/UX Design; Spring Boot; Kotlin; Docker; React,Interning
2327275014,Mahmudul Talukder,M,mahmudul.talukder149@ahsanullah.edu.bd,01606530745,Ahsanullah University of Science and Technology (AUST),Civil Engineering,2023,8,3.56,Gazipur,Node.js; TypeScript; Spring Boot; Machine Learning; C++; MongoDB,Interning
2332609015,Faisal Rashid,M,faisal.rashid150@ahsanullah.edu.bd,01569137367,Ahsanullah University of Science and Technology (AUST),Civil Engineering,2023,9,3.95,Jessore,C++; Figma; TensorFlow; Docker,Interning
2323222015,Tasnim Bhuiyan,F,tasnim.bhuiyan151@ahsanullah.edu.bd,01353457861,Ahsanullah University of Science and Technology (AUST),Electrical & Electronic Engineering,2023,10,3.71,Rajshahi,TypeScript; SQL; Node.js,Available
2236730015,Mehedi Siddique,M,mehedi.siddique152@american.edu.bd,01993333468,American International University-Bangladesh (AIUB),Architecture,2022,9,3.17,Rangpur,TensorFlow; Power BI; Python; Figma; React,Available
2126004015,Rakibul Sarker,M,rakibul.sarker153@daffodil.edu.bd,01889691085,Daffodil International University,Business Administration,2021,5,3.63,Rajshahi,AWS; Machine Learning; Data Analysis; Docker; Spring Boot,Applied
2336327015,Proma Reza,F,proma.reza154@north.edu.bd,01396520744,North South University,Electrical & Electronic Engineering,2023,6,3.81,Comilla,Git; Power BI; Figma; SQL; C++,Interning
2234643015,Afsana Ali,F,afsana.ali155@ahsanullah.edu.bd,01624825135,Ahsanullah University of Science and Technology (AUST),Media & Journalism,2022,7,3.59,Sylhet,REST APIs; Data Analysis; Kotlin; Figma; TypeScript; Excel,Available
2335817015,Iqbal Kabir,M,iqbal.kabir156@ahsanullah.edu.bd,01717381684,Ahsanullah University of Science and Technology (AUST),English,2023,6,3.32,Gazipur,Flutter; Node.js; Git,Applied
2228496015,Tasnim Mahmud,F,tasnim.mahmud157@university.edu.bd,01500743292,University of Liberal Arts Bangladesh (ULAB),Business Administration,2022,7,2.93,Narayanganj,Cybersecurity Basics; Python; Flutter; UI/UX Design,Completed
2427280015,Mim Chowdhury,F,mim.chowdhury158@east.edu.bd,01400335421,East West University,Pharmacy,2024,8,2.76,Jessore,TensorFlow; Data Analysis; React; UI/UX Design,Interning
2128469015,Orin Talukder,F,orin.talukder159@brac.edu.bd,01460332309,BRAC University,Electrical & Electronic Engineering,2021,6,3.65,Barishal,AWS; REST APIs; C++; UI/UX Design; Flutter,Interning
2429761016,Sabbir Siddique,M,sabbir.siddique160@united.edu.bd,01816761847,United International University (UIU),Computer Science & Engineering,2024,12,3.52,Cox's Bazar,REST APIs; Java; Git,Available
2332654016,Asif Nasrin,M,asif.nasrin161@united.edu.bd,01341173934,United International University (UIU),Computer Science & Engineering,2023,8,3.56,Comilla,MongoDB; Power BI; C++; AWS; Java,Interning
2124402016,Ehsan Nasrin,M,ehsan.nasrin162@independent.edu.bd,01621811437,Independent University Bangladesh (IUB),Business Administration,2021,10,3.6,Cox's Bazar,UI/UX Design; Django; React; Power BI; Python; Java,Applied
2126123016,Rifah Sultana,F,rifah.sultana163@north.edu.bd,01825579415,North South University,Business Administration,2021,6,3.27,Dhaka,Java; Cybersecurity Basics; Node.js,Completed
2338835016,Rima Ahmed,F,rima.ahmed164@independent.edu.bd,01921697972,Independent University Bangladesh (IUB),Architecture,2023,8,3.73,Dhaka,Java; C++; Power BI; TensorFlow,Completed
2417738016,Rukhsar Molla,F,rukhsar.molla165@north.edu.bd,01889935889,North South University,Business Administration,2024,9,3.29,Dhaka,Spring Boot; Git; UI/UX Design,Interning
2337305016,Rakib Reza,M,rakib.reza166@ahsanullah.edu.bd,01972175354,Ahsanullah University of Science and Technology (AUST),Architecture,2023,12,2.93,Comilla,React; Git; TypeScript,Interning
2418521016,Tahsin Alam,M,tahsin.alam167@east.edu.bd,01366088019,East West University,Pharmacy,2024,5,3.3,Bogura,Python; Flutter; Docker; UI/UX Design; Java; TensorFlow,Interning
2314652016,Orin Mia,F,orin.mia168@brac.edu.bd,01611305548,BRAC University,Architecture,2023,7,3.79,Narayanganj,Excel; Cybersecurity Basics; MongoDB; Flutter; Power BI,Applied
2215166016,Nabila Rahman,F,nabila.rahman169@daffodil.edu.bd,01851609177,Daffodil International University,Architecture,2022,8,3.5,Cox's Bazar,Java; Machine Learning; SQL; Docker,Interning
2429328017,Zubair Islam,M,zubair.islam170@east.edu.bd,01699586693,East West University,Computer Science & Engineering,2024,11,3.71,Cox's Bazar,Power BI; PHP Laravel; TypeScript; TensorFlow,Available
2229393017,Afsana Haque,F,afsana.haque171@bangladesh.edu.bd,01845228851,Bangladesh University of Professionals (BUP),Architecture,2022,4,3.12,Rajshahi,Power BI; TensorFlow; Excel; Git; SQL,Available
2319564017,Shahana Sarker,F,shahana.sarker172@east.edu.bd,01542043805,East West University,Pharmacy,2023,8,2.88,Jessore,C++; Node.js; REST APIs; TensorFlow; SQL; Spring Boot,Interning
2237371017,Nabila Molla,F,nabila.molla173@university.edu.bd,01580043973,University of Liberal Arts Bangladesh (ULAB),Public Health,2022,12,3.04,Jessore,Power BI; REST APIs; Node.js; Machine Learning; AWS,Completed
2223906017,Bristy Mia,F,bristy.mia174@ahsanullah.edu.bd,01648422940,Ahsanullah University of Science and Technology (AUST),Economics,2022,6,3.96,Chattogram,TypeScript; TensorFlow; Kotlin,Applied
2231833017,Kona Nasrin,F,kona.nasrin175@daffodil.edu.bd,01732818268,Daffodil International University,Computer Science & Engineering,2022,7,3.7,Jessore,Flutter; PHP Laravel; Excel; Data Analysis; Python,Interning
2325809017,Mim Siddique,F,mim.siddique176@brac.edu.bd,01793056164,BRAC University,Economics,2023,7,3.02,Rajshahi,Excel; Git; React; Java; Data Analysis; Docker,Completed
2415856017,Sadia Jahan,F,sadia.jahan177@american.edu.bd,01988013361,American International University-Bangladesh (AIUB),English,2024,9,3.85,Sylhet,UI/UX Design; Kotlin; Python; Java,Completed
2111389017,Hridoy Rashid,M,hridoy.rashid178@united.edu.bd,01446676650,United International University (UIU),Pharmacy,2021,12,3.31,Chattogram,Node.js; Python; TypeScript; Spring Boot; Excel,Applied
2112189017,Samira Mia,F,samira.mia179@north.edu.bd,01666072832,North South University,Media & Journalism,2021,11,3.19,Chattogram,Figma; REST APIs; MongoDB,Available
2337113018,Rumana Uddin,F,rumana.uddin180@bangladesh.edu.bd,01768814353,Bangladesh University of Professionals (BUP),Business Administration,2023,12,3.93,Dhaka,Excel; C++; Java,Available
2313971018,Orin Chowdhury,F,orin.chowdhury181@north.edu.bd,01514139755,North South University,Economics,2023,5,3.58,Narayanganj,Cybersecurity Basics; Excel; Docker,Applied
2228383018,Mehedi Ahmed,M,mehedi.ahmed182@brac.edu.bd,01533645257,BRAC University,Electrical & Electronic Engineering,2022,7,3.15,Rangpur,Power BI; PHP Laravel; C++; Data Analysis; UI/UX Design,Available
2132343018,Priyanka Siddique,F,priyanka.siddique183@ahsanullah.edu.bd,01810809969,Ahsanullah University of Science and Technology (AUST),Architecture,2021,4,3.79,Dinajpur,Excel; SQL; Spring Boot; TensorFlow,Interning
2416993018,Imran Mia,M,imran.mia184@brac.edu.bd,01839282722,BRAC University,Public Health,2024,12,3.23,Barishal,C++; Docker; Kotlin; Python; Machine Learning,Applied
2227052018,Nayeem Siddique,M,nayeem.siddique185@north.edu.bd,01305184498,North South University,Architecture,2022,3,3.04,Dinajpur,Kotlin; Data Analysis; Machine Learning; Flutter,Applied
2127165018,Jubayer Sheikh,M,jubayer.sheikh186@independent.edu.bd,01708272318,Independent University Bangladesh (IUB),Media & Journalism,2021,10,3.95,Jessore,Kotlin; Machine Learning; Data Analysis; Flutter,Applied
2117793018,Farhana Chowdhury,F,farhana.chowdhury187@brac.edu.bd,01960302992,BRAC University,English,2021,12,3.75,Gazipur,Flutter; REST APIs; SQL,Available
2123949018,Tahsin Rahman,M,tahsin.rahman188@daffodil.edu.bd,01672369292,Daffodil International University,Business Administration,2021,4,3.39,Rajshahi,MongoDB; PHP Laravel; Git; React; Figma; Python,Applied
2127315018,Tania Parvin,F,tania.parvin189@united.edu.bd,01712799088,United International University (UIU),Architecture,2021,5,2.91,Rangpur,SQL; Kotlin; REST APIs,Interning
2138069019,Fahim Sarker,M,fahim.sarker190@united.edu.bd,01965991624,United International University (UIU),Media & Journalism,2021,12,3.39,Jessore,Node.js; Power BI; Kotlin; AWS; Django,Applied
2411089019,Lamia Jahan,F,lamia.jahan191@university.edu.bd,01835651269,University of Liberal Arts Bangladesh (ULAB),Civil Engineering,2024,6,3.62,Comilla,PHP Laravel; Kotlin; Java,Available
2327511019,Rifah Mahmud,F,rifah.mahmud192@east.edu.bd,01595621372,East West University,Media & Journalism,2023,11,3.68,Comilla,Excel; Cybersecurity Basics; Flutter; TypeScript; Data Analysis; TensorFlow,Applied
2121086019,Asif Bhuiyan,M,asif.bhuiyan193@independent.edu.bd,01519066984,Independent University Bangladesh (IUB),English,2021,4,3.74,Chattogram,Flutter; MongoDB; AWS; Python,Available
2235685019,Zawad Sheikh,M,zawad.sheikh194@american.edu.bd,01321465669,American International University-Bangladesh (AIUB),Computer Science & Engineering,2022,12,2.99,Barishal,MongoDB; TypeScript; REST APIs; Node.js,Available
2126703019,Shovon Islam,M,shovon.islam195@ahsanullah.edu.bd,01468181845,Ahsanullah University of Science and Technology (AUST),Electrical & Electronic Engineering,2021,10,3.18,Gazipur,Django; MongoDB; SQL; Docker; Machine Learning,Available
2328923019,Tahsin Karim,M,tahsin.karim196@university.edu.bd,01363356588,University of Liberal Arts Bangladesh (ULAB),Media & Journalism,2023,9,3.7,Mymensingh,Cybersecurity Basics; Docker; REST APIs; PHP Laravel; React,Available
2333924019,Sajid Alam,M,sajid.alam197@brac.edu.bd,01473334333,BRAC University,Pharmacy,2023,3,3.34,Narayanganj,SQL; PHP Laravel; Spring Boot; TypeScript; TensorFlow,Completed
2139071019,Adnan Siddique,M,adnan.siddique198@north.edu.bd,01747284639,North South University,Electrical & Electronic Engineering,2021,3,3.51,Barishal,Flutter; Data Analysis; MongoDB,Applied
2127450019,Shakib Bhuiyan,M,shakib.bhuiyan199@ahsanullah.edu.bd,01303691559,Ahsanullah University of Science and Technology (AUST),Architecture,2021,10,3.81,Mymensingh,Docker; Java; Power BI; Kotlin,Available
2426995020,Rima Mia,F,rima.mia200@brac.edu.bd,01729314386,BRAC University,Civil Engineering,2024,11,2.98,Khulna,SQL; AWS; Power BI; Data Analysis; REST APIs; Machine Learning,Applied
2417906020,Sumaiya Chowdhury,F,sumaiya.chowdhury201@ahsanullah.edu.bd,01820347175,Ahsanullah University of Science and Technology (AUST),Business Administration,2024,2,3.36,Dhaka,Flutter; Figma; Spring Boot; Excel; PHP Laravel,Applied
2322986020,Mahbuba Siddique,F,mahbuba.siddique202@east.edu.bd,01587716947,East West University,Civil Engineering,2023,2,3.18,Jessore,PHP Laravel; Git; Excel; TypeScript,Available
2437631020,Shahriar Sheikh,M,shahriar.sheikh203@ahsanullah.edu.bd,01844964759,Ahsanullah University of Science and Technology (AUST),English,2024,12,3.79,Rajshahi,Python; TypeScript; UI/UX Design,Available
2235122020,Nawshin Khan,F,nawshin.khan204@brac.edu.bd,01680068114,BRAC University,Computer Science & Engineering,2022,5,3.91,Chattogram,SQL; TypeScript; Machine Learning,Available
2315655020,Fahim Sheikh,M,fahim.sheikh205@daffodil.edu.bd,01957784872,Daffodil International University,Pharmacy,2023,5,3.3,Dhaka,C++; Kotlin; TypeScript; React,Interning
2439745020,Sifat Molla,M,sifat.molla206@american.edu.bd,01524008254,American International University-Bangladesh (AIUB),Media & Journalism,2024,10,3.13,Khulna,Flutter; Excel; Django; Python; Docker,Applied
2418052020,Rumana Islam,F,rumana.islam207@united.edu.bd,01663266341,United International University (UIU),Architecture,2024,6,3.73,Rangpur,React; Excel; Data Analysis; SQL,Completed
2339715020,Tanjina Bhuiyan,F,tanjina.bhuiyan208@ahsanullah.edu.bd,01649735020,Ahsanullah University of Science and Technology (AUST),Media & Journalism,2023,6,3.74,Narayanganj,SQL; Python; TypeScript; C++; Figma; Java,Applied
2412477020,Zawad Ahmed,M,zawad.ahmed209@brac.edu.bd,01351204618,BRAC University,Business Administration,2024,2,2.94,Mymensingh,SQL; UI/UX Design; AWS; Figma; Flutter; Data Analysis,Interning
2415078021,Rima Akter,F,rima.akter210@daffodil.edu.bd,01476452088,Daffodil International University,Civil Engineering,2024,2,3.22,Comilla,Django; TensorFlow; Node.js; SQL; Docker; Java,Interning
2334568021,Sajid Sarker,M,sajid.sarker211@united.edu.bd,01716300979,United International University (UIU),Economics,2023,2,3.95,Sylhet,Git; AWS; UI/UX Design; React,Interning
2436544021,Ashraf Zaman,M,ashraf.zaman212@north.edu.bd,01912735857,North South University,Business Administration,2024,3,3.89,Sylhet,Node.js; Data Analysis; Git,Interning
2328168021,Tanvir Nasrin,M,tanvir.nasrin213@independent.edu.bd,01998218274,Independent University Bangladesh (IUB),Business Administration,2023,2,3.44,Bogura,SQL; PHP Laravel; TypeScript; Excel; Data Analysis; UI/UX Design,Applied
2416965021,Rumana Siddique,F,rumana.siddique214@american.edu.bd,01487829456,American International University-Bangladesh (AIUB),Public Health,2024,4,3.7,Comilla,UI/UX Design; TensorFlow; Python; REST APIs,Interning
2111512021,Samira Ahmed,F,samira.ahmed215@american.edu.bd,01794053910,American International University-Bangladesh (AIUB),Electrical & Electronic Engineering,2021,4,3.0,Narayanganj,SQL; Java; Node.js; PHP Laravel; Git; Machine Learning,Applied
2416913021,Zubair Jahan,M,zubair.jahan216@daffodil.edu.bd,01941381138,Daffodil International University,Electrical & Electronic Engineering,2024,12,3.44,Dhaka,Data Analysis; Power BI; Node.js; MongoDB; Spring Boot; Kotlin,Interning
2237802021,Sumaiya Akter,F,sumaiya.akter217@american.edu.bd,01768528975,American International University-Bangladesh (AIUB),Economics,2022,10,3.67,Sylhet,REST APIs; Docker; Power BI; AWS; Java,Interning
2434943021,Shahana Haque,F,shahana.haque218@university.edu.bd,01676004908,University of Liberal Arts Bangladesh (ULAB),Pharmacy,2024,7,3.44,Khulna,Machine Learning; Cybersecurity Basics; Excel; TensorFlow,Applied
2215521021,Iqbal Islam,M,iqbal.islam219@brac.edu.bd,01593344196,BRAC University,Economics,2022,7,3.88,Sylhet,Java; Node.js; Docker; Data Analysis,Available
2232562022,Arafat Parvin,M,arafat.parvin220@independent.edu.bd,01955661390,Independent University Bangladesh (IUB),Architecture,2022,9,3.48,Jessore,Node.js; TensorFlow; PHP Laravel; Machine Learning; Python,Available
2234617022,Tasnim Uddin,F,tasnim.uddin221@american.edu.bd,01622517908,American International University-Bangladesh (AIUB),English,2022,7,2.94,Rangpur,Docker; MongoDB; PHP Laravel; Kotlin; Python; Django,Available
2224245022,Rifah Hossain,F,rifah.hossain222@independent.edu.bd,01565911665,Independent University Bangladesh (IUB),Pharmacy,2022,4,3.35,Rajshahi,Excel; MongoDB; TensorFlow; Kotlin,Available
2328245022,Sumaiya Haque,F,sumaiya.haque223@independent.edu.bd,01310392405,Independent University Bangladesh (IUB),Computer Science & Engineering,2023,4,3.52,Jessore,Node.js; Django; SQL; REST APIs; Data Analysis; C++,Interning
2214339022,Iqbal Sultana,M,iqbal.sultana224@american.edu.bd,01369804204,American International University-Bangladesh (AIUB),English,2022,10,3.42,Bogura,Excel; Flutter; MongoDB; TensorFlow; C++,Interning
2135445022,Adnan Karim,M,adnan.karim225@north.edu.bd,01715798123,North South University,Computer Science & Engineering,2021,8,3.57,Rajshahi,Java; React; Figma; Git; Machine Learning,Completed
2226465022,Shahana Jahan,F,shahana.jahan226@united.edu.bd,01740460843,United International University (UIU),Computer Science & Engineering,2022,10,3.35,Khulna,React; Data Analysis; REST APIs; Git,Available
2134726022,Faisal Ferdous,M,faisal.ferdous227@independent.edu.bd,01429832482,Independent University Bangladesh (IUB),Business Administration,2021,8,3.26,Mymensingh,AWS; Figma; MongoDB; UI/UX Design,Applied
2339732022,Jannatul Sheikh,F,jannatul.sheikh228@daffodil.edu.bd,01566474231,Daffodil International University,Business Administration,2023,3,3.92,Bogura,TypeScript; UI/UX Design; C++,Available
2334783022,Zawad Islam,M,zawad.islam229@ahsanullah.edu.bd,01489752677,Ahsanullah University of Science and Technology (AUST),Media & Journalism,2023,11,3.48,Bogura,REST APIs; React; Data Analysis; Python,Interning
2124646023,Shahriar Akter,M,shahriar.akter230@brac.edu.bd,01697573660,BRAC University,Pharmacy,2021,6,3.66,Dinajpur,Cybersecurity Basics; SQL; Python; TypeScript,Completed
2118399023,Nowrin Ali,F,nowrin.ali231@east.edu.bd,01386803476,East West University,Media & Journalism,2021,10,3.31,Rangpur,Django; Kotlin; Excel,Completed
2118595023,Anika Sultana,F,anika.sultana232@north.edu.bd,01466570279,North South University,Civil Engineering,2021,10,3.77,Dinajpur,Python; TensorFlow; Kotlin; Java; TypeScript; PHP Laravel,Interning
2118362023,Rayhan Hossain,M,rayhan.hossain233@brac.edu.bd,01792686025,BRAC University,Business Administration,2021,3,3.53,Bogura,Kotlin; Power BI; Machine Learning,Interning
2428311023,Shahriar Mahmud,M,shahriar.mahmud234@north.edu.bd,01377780973,North South University,Computer Science & Engineering,2024,6,3.11,Gazipur,Java; C++; SQL; React,Interning
2431107023,Sifat Reza,M,sifat.reza235@american.edu.bd,01850209945,American International University-Bangladesh (AIUB),Pharmacy,2024,3,3.05,Sylhet,MongoDB; Git; Excel; SQL; Node.js,Available
2223906023,Shakib Ahmed,M,shakib.ahmed236@american.edu.bd,01916814721,American International University-Bangladesh (AIUB),Business Administration,2022,12,3.94,Barishal,Node.js; Python; Cybersecurity Basics; Figma; UI/UX Design,Completed
2212790023,Tahmina Bhuiyan,F,tahmina.bhuiyan237@american.edu.bd,01846954899,American International University-Bangladesh (AIUB),Economics,2022,11,3.45,Gazipur,Flutter; TensorFlow; Power BI,Completed
2414812023,Israt Molla,F,israt.molla238@east.edu.bd,01939660558,East West University,Public Health,2024,9,3.62,Jessore,React; Java; Docker; Git,Available
2325919023,Rakibul Sheikh,M,rakibul.sheikh239@brac.edu.bd,01790235577,BRAC University,Civil Engineering,2023,3,3.37,Barishal,Cybersecurity Basics; React; Java; REST APIs; UI/UX Design,Applied
2321917024,Naeem Sarker,M,naeem.sarker240@north.edu.bd,01755124056,North South University,Architecture,2023,9,3.78,Comilla,PHP Laravel; TensorFlow; REST APIs; UI/UX Design; Excel,Available
2136152024,Wasif Molla,M,wasif.molla241@independent.edu.bd,01538421503,Independent University Bangladesh (IUB),Media & Journalism,2021,6,3.62,Mymensingh,AWS; Python; Flutter; Django; Data Analysis,Interning
2228921024,Sourav Bhuiyan,M,sourav.bhuiyan242@north.edu.bd,01407681040,North South University,Architecture,2022,5,3.65,Narayanganj,Cybersecurity Basics; UI/UX Design; C++; Java; Kotlin,Completed
2336114024,Faisal Sultana,M,faisal.sultana243@daffodil.edu.bd,01614224109,Daffodil International University,Electrical & Electronic Engineering,2023,2,3.54,Comilla,UI/UX Design; SQL; Figma; Spring Boot,Available
2335641024,Asif Mia,M,asif.mia244@independent.edu.bd,01407016016,Independent University Bangladesh (IUB),English,2023,4,3.46,Comilla,Python; Figma; MongoDB; UI/UX Design,Applied
2426119024,Rima Nasrin,F,rima.nasrin245@east.edu.bd,01979217174,East West University,Media & Journalism,2024,11,3.16,Chattogram,Power BI; Cybersecurity Basics; REST APIs; Excel,Completed
2324004024,Mou Alam,F,mou.alam246@daffodil.edu.bd,01672459928,Daffodil International University,Business Administration,2023,7,3.61,Mymensingh,UI/UX Design; Docker; Flutter; React; Python,Available
2332162024,Rifat Rashid,M,rifat.rashid247@united.edu.bd,01661539669,United International University (UIU),Electrical & Electronic Engineering,2023,10,3.72,Comilla,Machine Learning; PHP Laravel; AWS; Django; MongoDB; REST APIs,Available
2438584024,Rumana Nasrin,F,rumana.nasrin248@brac.edu.bd,01396570132,BRAC University,Electrical & Electronic Engineering,2024,3,3.15,Rangpur,Docker; TypeScript; Figma,Available
2338326024,Rezwan Reza,M,rezwan.reza249@north.edu.bd,01390986240,North South University,Public Health,2023,8,2.99,Dinajpur,Figma; PHP Laravel; REST APIs; AWS; Power BI,Available
2321510025,Shahana Rahman,F,shahana.rahman250@north.edu.bd,01827238656,North South University,Public Health,2023,3,3.04,Rangpur,Git; UI/UX Design; Power BI; Machine Learning; REST APIs; Cybersecurity Basics,Applied
2131257025,Rahat Mahmud,M,rahat.mahmud251@united.edu.bd,01996927868,United International University (UIU),Business Administration,2021,3,2.93,Cox's Bazar,REST APIs; AWS; C++; Python; Power BI; TensorFlow,Applied
2124878025,Sharmin Siddique,F,sharmin.siddique252@brac.edu.bd,01851971284,BRAC University,Pharmacy,2021,11,3.63,Dhaka,AWS; Excel; PHP Laravel; Data Analysis; Node.js,Applied
2122279025,Nazia Hossain,F,nazia.hossain253@american.edu.bd,01779565442,American International University-Bangladesh (AIUB),Media & Journalism,2021,5,3.59,Dhaka,MongoDB; Node.js; UI/UX Design; Excel; Cybersecurity Basics,Applied
2338752025,Mahin Parvin,M,mahin.parvin254@brac.edu.bd,01612814429,BRAC University,Media & Journalism,2023,2,3.46,Gazipur,REST APIs; Figma; TensorFlow,Available
2233476025,Mahjabin Mahmud,F,mahjabin.mahmud255@brac.edu.bd,01905129276,BRAC University,Electrical & Electronic Engineering,2022,11,3.56,Sylhet,TypeScript; Spring Boot; Power BI; Django; Flutter,Interning
2236653025,Tanjina Reza,F,tanjina.reza256@american.edu.bd,01683667428,American International University-Bangladesh (AIUB),Business Administration,2022,11,2.82,Rangpur,Cybersecurity Basics; Java; Node.js; TypeScript; Docker,Applied
2429687025,Nusrat Uddin,F,nusrat.uddin257@daffodil.edu.bd,01694544149,Daffodil International University,Architecture,2024,12,3.59,Barishal,Java; Excel; Git,Completed
2223947025,Kona Zaman,F,kona.zaman258@united.edu.bd,01717534430,United International University (UIU),Economics,2022,10,3.14,Dhaka,REST APIs; React; Python,Applied
2232995025,Adnan Hossain,M,adnan.hossain259@north.edu.bd,01892124471,North South University,Media & Journalism,2022,11,3.62,Rangpur,Python; MongoDB; C++,Interning
2315543026,Mahjabin Zaman,F,mahjabin.zaman260@american.edu.bd,01496271286,American International University-Bangladesh (AIUB),English,2023,4,3.71,Mymensingh,Machine Learning; UI/UX Design; Node.js; Spring Boot; REST APIs; TypeScript,Available
2312194026,Adnan Sheikh,M,adnan.sheikh261@north.edu.bd,01364256908,North South University,Architecture,2023,3,2.84,Narayanganj,Cybersecurity Basics; Docker; React; Flutter; C++,Interning
2228898026,Mou Kabir,F,mou.kabir262@independent.edu.bd,01815851743,Independent University Bangladesh (IUB),Electrical & Electronic Engineering,2022,2,2.9,Narayanganj,UI/UX Design; REST APIs; Figma; Machine Learning; Node.js,Completed
2316886026,Piash Rahman,M,piash.rahman263@bangladesh.edu.bd,01476184787,Bangladesh University of Professionals (BUP),Economics,2023,8,3.35,Bogura,TensorFlow; SQL; C++; Node.js; Cybersecurity Basics; React,Completed
2419570026,Imran Haque,M,imran.haque264@north.edu.bd,01607903202,North South University,Computer Science & Engineering,2024,3,3.31,Dhaka,TensorFlow; PHP Laravel; Django; Python,Interning
2212742026,Iqbal Rashid,M,iqbal.rashid265@ahsanullah.edu.bd,01865198253,Ahsanullah University of Science and Technology (AUST),Architecture,2022,11,2.89,Jessore,Python; SQL; AWS; UI/UX Design,Interning
2323753026,Sifat Khan,M,sifat.khan266@independent.edu.bd,01996207100,Independent University Bangladesh (IUB),Electrical & Electronic Engineering,2023,4,3.61,Sylhet,Docker; Django; PHP Laravel; Node.js,Available
2433079026,Fahim Nasrin,M,fahim.nasrin267@united.edu.bd,01727914560,United International University (UIU),Civil Engineering,2024,9,3.0,Gazipur,Kotlin; Docker; AWS; Django; TypeScript,Interning
2334592026,Nafis Ahmed,M,nafis.ahmed268@bangladesh.edu.bd,01977220054,Bangladesh University of Professionals (BUP),Electrical & Electronic Engineering,2023,10,3.32,Jessore,Spring Boot; Node.js; SQL; Java,Available
2131859026,Rakib Karim,M,rakib.karim269@independent.edu.bd,01479956353,Independent University Bangladesh (IUB),Architecture,2021,3,3.89,Chattogram,TypeScript; React; Flutter; Kotlin,Available
2212204027,Sadman Alam,M,sadman.alam270@north.edu.bd,01473543520,North South University,Pharmacy,2022,8,3.33,Sylhet,Node.js; AWS; C++; SQL; MongoDB; Docker,Applied
2416629027,Tanzim Chowdhury,M,tanzim.chowdhury271@north.edu.bd,01687397740,North South University,Architecture,2024,8,3.02,Cox's Bazar,MongoDB; TypeScript; Git; PHP Laravel; Excel,Available
2211083027,Tanjina Alam,F,tanjina.alam272@independent.edu.bd,01686717731,Independent University Bangladesh (IUB),Media & Journalism,2022,11,3.26,Jessore,Node.js; Flutter; TensorFlow,Applied
2211260027,Anik Akter,M,anik.akter273@north.edu.bd,01672625701,North South University,Civil Engineering,2022,12,3.34,Gazipur,TypeScript; Power BI; Docker; PHP Laravel; TensorFlow,Available
2334393027,Tahmina Bhuiyan,F,tahmina.bhuiyan274@north.edu.bd,01850165790,North South University,Pharmacy,2023,11,3.72,Dinajpur,MongoDB; UI/UX Design; TensorFlow,Available
2224909027,Mahbuba Khan,F,mahbuba.khan275@united.edu.bd,01764015577,United International University (UIU),Electrical & Electronic Engineering,2022,4,3.41,Barishal,TensorFlow; PHP Laravel; Power BI; SQL; Django; UI/UX Design,Completed
2337031027,Nayeem Nasrin,M,nayeem.nasrin276@east.edu.bd,01441124127,East West University,Public Health,2023,9,3.73,Chattogram,SQL; Docker; Python,Applied
2339870027,Asif Bhuiyan,M,asif.bhuiyan277@bangladesh.edu.bd,01938569557,Bangladesh University of Professionals (BUP),Computer Science & Engineering,2023,8,3.9,Rajshahi,Data Analysis; AWS; Docker; Git; React; Figma,Available
2218933027,Kona Uddin,F,kona.uddin278@east.edu.bd,01728422223,East West University,Civil Engineering,2022,6,3.21,Mymensingh,Cybersecurity Basics; Node.js; C++; Data Analysis; Figma,Completed
2314361027,Imran Haque,M,imran.haque279@east.edu.bd,01728410672,East West University,Architecture,2023,7,3.44,Sylhet,REST APIs; UI/UX Design; Data Analysis,Applied
2335842028,Nowrin Chowdhury,F,nowrin.chowdhury280@north.edu.bd,01517028140,North South University,Public Health,2023,12,3.33,Dinajpur,Cybersecurity Basics; PHP Laravel; REST APIs; C++; TensorFlow,Completed
2114197028,Jerin Rashid,F,jerin.rashid281@brac.edu.bd,01618637599,BRAC University,English,2021,7,3.47,Chattogram,Cybersecurity Basics; Spring Boot; SQL; React,Applied
2321199028,Ashraf Ali,M,ashraf.ali282@north.edu.bd,01867426629,North South University,Pharmacy,2023,8,3.1,Bogura,Figma; Docker; Excel; Python; SQL,Completed
2337156028,Rezwan Akter,M,rezwan.akter283@brac.edu.bd,01432648704,BRAC University,Public Health,2023,3,2.86,Bogura,Git; Spring Boot; AWS; TypeScript; Excel; Docker,Applied
2115303028,Trisha Mia,F,trisha.mia284@ahsanullah.edu.bd,01830147195,Ahsanullah University of Science and Technology (AUST),Economics,2021,2,3.12,Mymensingh,Java; Git; REST APIs; Figma; AWS; TypeScript,Completed
2131287028,Tuli Kabir,F,tuli.kabir285@university.edu.bd,01452045650,University of Liberal Arts Bangladesh (ULAB),Architecture,2021,7,3.79,Mymensingh,PHP Laravel; Node.js; C++; UI/UX Design,Completed
2212548028,Anika Bhuiyan,F,anika.bhuiyan286@united.edu.bd,01851895202,United International University (UIU),Electrical & Electronic Engineering,2022,12,3.49,Khulna,Excel; UI/UX Design; REST APIs; Figma,Interning
2213532028,Mahbuba Zaman,F,mahbuba.zaman287@american.edu.bd,01716711207,American International University-Bangladesh (AIUB),English,2022,3,3.37,Cox's Bazar,Excel; MongoDB; Power BI; Kotlin,Applied
2335991028,Proma Nasrin,F,proma.nasrin288@independent.edu.bd,01523216110,Independent University Bangladesh (IUB),Architecture,2023,4,2.79,Sylhet,Django; C++; Power BI,Interning
2115145028,Ishrat Rahman,F,ishrat.rahman289@brac.edu.bd,01425012495,BRAC University,Computer Science & Engineering,2021,9,2.8,Rajshahi,REST APIs; React; Cybersecurity Basics; Java; MongoDB,Applied
2232119029,Tania Mahmud,F,tania.mahmud290@american.edu.bd,01480138759,American International University-Bangladesh (AIUB),Media & Journalism,2022,10,2.87,Rajshahi,Kotlin; SQL; Power BI,Completed
2324510029,Sourav Reza,M,sourav.reza291@bangladesh.edu.bd,01548015716,Bangladesh University of Professionals (BUP),Business Administration,2023,8,3.38,Sylhet,Java; UI/UX Design; Cybersecurity Basics; Docker; Power BI; Kotlin,Applied
2225761029,Kona Molla,F,kona.molla292@ahsanullah.edu.bd,01616781126,Ahsanullah University of Science and Technology (AUST),Architecture,2022,10,3.96,Dhaka,SQL; Python; Flutter; REST APIs; Data Analysis; TypeScript,Completed
2116548029,Bristy Ahmed,F,bristy.ahmed293@ahsanullah.edu.bd,01965796784,Ahsanullah University of Science and Technology (AUST),Business Administration,2021,7,3.0,Gazipur,Java; Django; AWS; Flutter; Spring Boot; PHP Laravel,Available
2433205029,Rayhan Ahmed,M,rayhan.ahmed294@north.edu.bd,01695249911,North South University,Architecture,2024,5,2.79,Dhaka,Python; Flutter; REST APIs,Completed
2429887029,Kona Akter,F,kona.akter295@brac.edu.bd,01675677002,BRAC University,Architecture,2024,10,3.17,Dinajpur,Cybersecurity Basics; Node.js; AWS,Completed
2419037029,Tania Sarker,F,tania.sarker296@american.edu.bd,01695450090,American International University-Bangladesh (AIUB),Civil Engineering,2024,9,3.56,Khulna,Flutter; Excel; TypeScript; Kotlin; Node.js; Machine Learning,Applied
2127235029,Ashraf Siddique,M,ashraf.siddique297@ahsanullah.edu.bd,01591141520,Ahsanullah University of Science and Technology (AUST),Media & Journalism,2021,12,2.87,Rajshahi,Data Analysis; AWS; Node.js; REST APIs; Django,Available
2418695029,Farzana Sultana,F,farzana.sultana298@united.edu.bd,01457852945,United International University (UIU),Pharmacy,2024,6,3.47,Chattogram,Machine Learning; PHP Laravel; UI/UX Design; Java; Flutter,Interning
2221778029,Sumaiya Sarker,F,sumaiya.sarker299@united.edu.bd,01787635148,United International University (UIU),Electrical & Electronic Engineering,2022,6,3.12,Barishal,Django; MongoDB; Python; PHP Laravel; Java; REST APIs,Available
2429443030,Ishrat Reza,F,ishrat.reza300@east.edu.bd,01637489690,East West University,Economics,2024,8,3.31,Cox's Bazar,React; Git; Power BI; Kotlin,Available
2326220030,Ashraf Sultana,M,ashraf.sultana301@north.edu.bd,01824936312,North South University,Business Administration,2023,8,3.81,Khulna,Git; SQL; AWS,Interning
2438145030,Tanvir Alam,M,tanvir.alam302@ahsanullah.edu.bd,01948207001,Ahsanullah University of Science and Technology (AUST),Civil Engineering,2024,9,3.27,Sylhet,SQL; TypeScript; Spring Boot,Available
2332479030,Munira Uddin,F,munira.uddin303@university.edu.bd,01798471391,University of Liberal Arts Bangladesh (ULAB),Pharmacy,2023,12,3.24,Comilla,Django; Java; PHP Laravel; TensorFlow,Completed
2213363030,Tahmina Rashid,F,tahmina.rashid304@east.edu.bd,01515867342,East West University,Pharmacy,2022,8,2.88,Dhaka,Spring Boot; Docker; AWS; PHP Laravel,Applied
2131570030,Mou Nasrin,F,mou.nasrin305@independent.edu.bd,01551837606,Independent University Bangladesh (IUB),Civil Engineering,2021,12,3.79,Khulna,Power BI; REST APIs; Django,Applied
2318190030,Proma Hossain,F,proma.hossain306@daffodil.edu.bd,01861248156,Daffodil International University,Economics,2023,5,3.53,Dinajpur,Node.js; Spring Boot; Python; Flutter; REST APIs; AWS,Interning
2223229030,Kona Nasrin,F,kona.nasrin307@north.edu.bd,01482965772,North South University,Computer Science & Engineering,2022,12,2.75,Chattogram,Git; Figma; UI/UX Design; PHP Laravel,Available
2317791030,Rima Reza,F,rima.reza308@east.edu.bd,01417342069,East West University,English,2023,5,3.2,Narayanganj,Machine Learning; PHP Laravel; Django; React; REST APIs; Excel,Interning
2211231030,Munira Karim,F,munira.karim309@north.edu.bd,01944762639,North South University,English,2022,11,3.63,Bogura,Cybersecurity Basics; Docker; REST APIs; Flutter; Java; Django,Available
2211471031,Rahat Parvin,M,rahat.parvin310@united.edu.bd,01307256366,United International University (UIU),Pharmacy,2022,8,3.11,Narayanganj,Django; MongoDB; Docker; Data Analysis; PHP Laravel,Interning
2326804031,Ayesha Ahmed,F,ayesha.ahmed311@east.edu.bd,01652809242,East West University,Computer Science & Engineering,2023,5,3.98,Gazipur,React; Spring Boot; Kotlin,Applied
2323323031,Tahmina Ferdous,F,tahmina.ferdous312@american.edu.bd,01549485625,American International University-Bangladesh (AIUB),Electrical & Electronic Engineering,2023,10,3.07,Barishal,Node.js; C++; Flutter; Spring Boot; TensorFlow,Completed
2111894031,Jannatul Mia,F,jannatul.mia313@university.edu.bd,01370758777,University of Liberal Arts Bangladesh (ULAB),Architecture,2021,5,3.03,Bogura,Flutter; Spring Boot; TypeScript,Applied
2319335031,Rezwan Ahmed,M,rezwan.ahmed314@independent.edu.bd,01337150416,Independent University Bangladesh (IUB),Economics,2023,4,3.76,Gazipur,PHP Laravel; React; Kotlin; Cybersecurity Basics,Available
2218540031,Bristy Jahan,F,bristy.jahan315@bangladesh.edu.bd,01659230450,Bangladesh University of Professionals (BUP),English,2022,2,3.77,Dhaka,Docker; Git; Spring Boot; MongoDB; React; UI/UX Design,Interning
2317535031,Piash Molla,M,piash.molla316@independent.edu.bd,01821476492,Independent University Bangladesh (IUB),Pharmacy,2023,4,2.86,Narayanganj,TypeScript; Machine Learning; Cybersecurity Basics; Figma,Interning
2428805031,Nabila Rashid,F,nabila.rashid317@independent.edu.bd,01385732788,Independent University Bangladesh (IUB),Economics,2024,9,3.08,Narayanganj,Python; AWS; Data Analysis; MongoDB; TypeScript; TensorFlow,Applied
2315921031,Rahat Sultana,M,rahat.sultana318@american.edu.bd,01661794549,American International University-Bangladesh (AIUB),Architecture,2023,4,3.79,Comilla,Figma; PHP Laravel; Node.js; Excel; Python; Power BI,Available
2221741031,Tahsin Islam,M,tahsin.islam319@north.edu.bd,01945232194,North South University,Architecture,2022,4,2.85,Narayanganj,UI/UX Design; PHP Laravel; TensorFlow; Docker; Cybersecurity Basics,Applied
2118817032,Rakib Mia,M,rakib.mia320@north.edu.bd,01564122031,North South University,Pharmacy,2021,2,3.32,Cox's Bazar,REST APIs; TensorFlow; MongoDB; Flutter; Figma; Power BI,Completed
2218139032,Nafis Mahmud,M,nafis.mahmud321@north.edu.bd,01312277707,North South University,Architecture,2022,12,3.79,Sylhet,Python; Figma; Cybersecurity Basics; Docker,Applied
2112682032,Nafis Uddin,M,nafis.uddin322@east.edu.bd,01689973080,East West University,Pharmacy,2021,7,3.53,Dhaka,AWS; Flutter; PHP Laravel; MongoDB; Excel; Figma,Applied
2419106032,Tuli Haque,F,tuli.haque323@east.edu.bd,01657383959,East West University,Civil Engineering,2024,9,3.52,Khulna,Docker; Power BI; AWS; React; TypeScript,Interning
2436902032,Israt Ferdous,F,israt.ferdous324@brac.edu.bd,01622329716,BRAC University,Pharmacy,2024,12,3.73,Bogura,MongoDB; SQL; Figma; Power BI,Available
2126849032,Proma Alam,F,proma.alam325@brac.edu.bd,01418374550,BRAC University,Computer Science & Engineering,2021,7,3.58,Rangpur,Kotlin; Node.js; Python; UI/UX Design,Available
2128489032,Jannatul Mahmud,F,jannatul.mahmud326@united.edu.bd,01413524787,United International University (UIU),Public Health,2021,2,3.93,Dhaka,Java; MongoDB; Excel,Applied
2127811032,Rezwan Sheikh,M,rezwan.sheikh327@independent.edu.bd,01345653286,Independent University Bangladesh (IUB),Business Administration,2021,5,3.7,Khulna,Django; Flutter; UI/UX Design,Applied
2436927032,Naeem Aktar,M,naeem.aktar328@american.edu.bd,01926060290,American International University-Bangladesh (AIUB),Pharmacy,2024,10,3.91,Barishal,C++; React; Power BI; Kotlin; Python; Git,Available
2321129032,Nawshin Ali,F,nawshin.ali329@daffodil.edu.bd,01797563410,Daffodil International University,Public Health,2023,7,3.77,Rajshahi,Power BI; Machine Learning; Docker; Git,Completed
2319383033,Sharmin Parvin,F,sharmin.parvin330@united.edu.bd,01946810548,United International University (UIU),Business Administration,2023,5,3.43,Gazipur,Cybersecurity Basics; Git; TypeScript; React; Excel,Available
2431085033,Samira Rahman,F,samira.rahman331@ahsanullah.edu.bd,01735449268,Ahsanullah University of Science and Technology (AUST),Electrical & Electronic Engineering,2024,6,3.31,Narayanganj,TensorFlow; PHP Laravel; Power BI; Git,Applied
2313401033,Mahmudul Haque,M,mahmudul.haque332@american.edu.bd,01586988649,American International University-Bangladesh (AIUB),Economics,2023,9,3.63,Rajshahi,Python; Cybersecurity Basics; Node.js; AWS; C++; Flutter,Applied
2419286033,Ishrat Sultana,F,ishrat.sultana333@united.edu.bd,01828519611,United International University (UIU),Architecture,2024,4,2.91,Mymensingh,C++; Power BI; Kotlin; TensorFlow; Java; SQL,Applied
2127135033,Tuli Uddin,F,tuli.uddin334@north.edu.bd,01532701851,North South University,Business Administration,2021,7,3.12,Dinajpur,React; C++; TensorFlow; PHP Laravel; AWS; Node.js,Completed
2428786033,Anik Sarker,M,anik.sarker335@east.edu.bd,01872519966,East West University,Media & Journalism,2024,7,3.78,Mymensingh,Cybersecurity Basics; C++; Kotlin; Git,Interning
2313713033,Rifat Haque,M,rifat.haque336@east.edu.bd,01909837801,East West University,Architecture,2023,12,3.62,Gazipur,Excel; Git; Java; Python; SQL,Applied
2436249033,Tanvir Karim,M,tanvir.karim337@ahsanullah.edu.bd,01385641118,Ahsanullah University of Science and Technology (AUST),Economics,2024,3,3.24,Rangpur,Flutter; React; UI/UX Design,Available
2223772033,Rahat Chowdhury,M,rahat.chowdhury338@brac.edu.bd,01465461033,BRAC University,Electrical & Electronic Engineering,2022,6,2.82,Rangpur,TypeScript; React; Power BI; Node.js; Figma,Available
2116215033,Zubair Bhuiyan,M,zubair.bhuiyan339@ahsanullah.edu.bd,01589138249,Ahsanullah University of Science and Technology (AUST),Pharmacy,2021,6,3.32,Dinajpur,Python; Flutter; React; AWS; Git; Django,Completed
2229854034,Priyanka Hossain,F,priyanka.hossain340@university.edu.bd,01994200749,University of Liberal Arts Bangladesh (ULAB),Public Health,2022,4,3.96,Dhaka,Excel; AWS; Docker; Node.js,Interning
2319750034,Sharmin Siddique,F,sharmin.siddique341@university.edu.bd,01563985547,University of Liberal Arts Bangladesh (ULAB),Economics,2023,2,3.44,Bogura,Python; Machine Learning; Power BI; Java; C++,Applied
2236381034,Tanjina Reza,F,tanjina.reza342@bangladesh.edu.bd,01826876811,Bangladesh University of Professionals (BUP),English,2022,9,2.77,Dhaka,Git; React; MongoDB; Flutter,Completed
2311138034,Sourav Reza,M,sourav.reza343@north.edu.bd,01853194337,North South University,Pharmacy,2023,8,2.9,Dhaka,SQL; Docker; React; Django; TensorFlow,Interning
2217489034,Farzana Karim,F,farzana.karim344@american.edu.bd,01799219212,American International University-Bangladesh (AIUB),Media & Journalism,2022,2,2.89,Rajshahi,PHP Laravel; Kotlin; Flutter; TypeScript; Excel,Interning
2331378034,Tuli Mahmud,F,tuli.mahmud345@brac.edu.bd,01805664187,BRAC University,Public Health,2023,5,3.97,Narayanganj,REST APIs; Excel; Docker; React; AWS,Interning
2129723034,Mahbuba Bhuiyan,F,mahbuba.bhuiyan346@ahsanullah.edu.bd,01903613325,Ahsanullah University of Science and Technology (AUST),Economics,2021,6,3.3,Chattogram,Machine Learning; SQL; UI/UX Design,Completed
2416477034,Ayesha Sheikh,F,ayesha.sheikh347@united.edu.bd,01583199717,United International University (UIU),Computer Science & Engineering,2024,8,3.78,Cox's Bazar,Java; Flutter; Django; UI/UX Design,Available
2312015034,Fahim Rahman,M,fahim.rahman348@daffodil.edu.bd,01704661963,Daffodil International University,Pharmacy,2023,3,3.88,Chattogram,Node.js; Figma; MongoDB; Git; AWS; Python,Interning
2131425034,Rayhan Ali,M,rayhan.ali349@american.edu.bd,01939284567,American International University-Bangladesh (AIUB),Pharmacy,2021,7,3.31,Bogura,PHP Laravel; SQL; Java; React; MongoDB,Available
2128140035,Rima Alam,F,rima.alam350@north.edu.bd,01754508920,North South University,Computer Science & Engineering,2021,4,3.38,Sylhet,Figma; PHP Laravel; Excel; Cybersecurity Basics; C++,Applied
2414282035,Tahsin Rashid,M,tahsin.rashid351@university.edu.bd,01695995946,University of Liberal Arts Bangladesh (ULAB),Computer Science & Engineering,2024,7,3.54,Mymensingh,Python; UI/UX Design; SQL; REST APIs,Interning
2414654035,Tania Ahmed,F,tania.ahmed352@american.edu.bd,01905015081,American International University-Bangladesh (AIUB),Computer Science & Engineering,2024,5,3.6,Rajshahi,MongoDB; SQL; Django; Flutter; UI/UX Design; Machine Learning,Applied
2314262035,Rahat Sultana,M,rahat.sultana353@brac.edu.bd,01423024102,BRAC University,Media & Journalism,2023,2,2.99,Barishal,Django; Spring Boot; TensorFlow; TypeScript,Interning
2427100035,Samira Haque,F,samira.haque354@daffodil.edu.bd,01855963099,Daffodil International University,Civil Engineering,2024,5,3.56,Rajshahi,Power BI; Python; Java; C++; REST APIs; SQL,Applied
2235588035,Hridoy Uddin,M,hridoy.uddin355@ahsanullah.edu.bd,01985787255,Ahsanullah University of Science and Technology (AUST),English,2022,2,3.82,Sylhet,SQL; TensorFlow; Python; Flutter; MongoDB; Power BI,Applied
2114325035,Trisha Sarker,F,trisha.sarker356@brac.edu.bd,01454812147,BRAC University,Pharmacy,2021,5,3.31,Dinajpur,Machine Learning; SQL; Figma; AWS,Applied
2328660035,Lamia Talukder,F,lamia.talukder357@north.edu.bd,01515148881,North South University,Public Health,2023,8,3.28,Sylhet,Flutter; UI/UX Design; Spring Boot; Machine Learning; React,Applied
2116468035,Lamia Ahmed,F,lamia.ahmed358@north.edu.bd,01892840445,North South University,English,2021,10,2.99,Cox's Bazar,Spring Boot; Figma; TensorFlow; Cybersecurity Basics; REST APIs,Available
2433445035,Afsana Rashid,F,afsana.rashid359@east.edu.bd,01987751536,East West University,Computer Science & Engineering,2024,12,3.81,Rajshahi,Django; TensorFlow; SQL; Flutter,Applied
2113102036,Farhana Sultana,F,farhana.sultana360@american.edu.bd,01668459090,American International University-Bangladesh (AIUB),Public Health,2021,7,3.13,Barishal,Flutter; REST APIs; Data Analysis,Available
2417400036,Rezwan Haque,M,rezwan.haque361@east.edu.bd,01321820970,East West University,Media & Journalism,2024,8,2.83,Narayanganj,SQL; Flutter; Java; UI/UX Design; PHP Laravel; Docker,Completed
2315769036,Nafis Hossain,M,nafis.hossain362@daffodil.edu.bd,01566212867,Daffodil International University,Pharmacy,2023,5,3.56,Comilla,Docker; Node.js; Data Analysis,Available
2228778036,Jubayer Ferdous,M,jubayer.ferdous363@university.edu.bd,01327169385,University of Liberal Arts Bangladesh (ULAB),Business Administration,2022,6,2.95,Mymensingh,PHP Laravel; SQL; Kotlin; Power BI; REST APIs,Available
2326681036,Kona Sultana,F,kona.sultana364@east.edu.bd,01867629160,East West University,Electrical & Electronic Engineering,2023,12,3.61,Sylhet,Machine Learning; MongoDB; TypeScript; AWS; Django,Completed
2314559036,Shahriar Karim,M,shahriar.karim365@daffodil.edu.bd,01567243807,Daffodil International University,Public Health,2023,12,3.87,Comilla,Cybersecurity Basics; Excel; Java; Data Analysis; Python; Power BI,Interning
2437542036,Arafat Sheikh,M,arafat.sheikh366@united.edu.bd,01671183727,United International University (UIU),Architecture,2024,7,3.8,Narayanganj,Node.js; React; Spring Boot; Java; C++; UI/UX Design,Interning
2123034036,Tania Khan,F,tania.khan367@university.edu.bd,01408370816,University of Liberal Arts Bangladesh (ULAB),Media & Journalism,2021,4,3.41,Mymensingh,TypeScript; Python; REST APIs; React; Spring Boot; C++,Applied
2417138036,Priyanka Rahman,F,priyanka.rahman368@east.edu.bd,01813122068,East West University,Computer Science & Engineering,2024,5,3.87,Cox's Bazar,Python; React; AWS; UI/UX Design,Available
2228010036,Sadman Haque,M,sadman.haque369@east.edu.bd,01506373149,East West University,Economics,2022,10,2.9,Dhaka,Java; Data Analysis; UI/UX Design; TypeScript,Applied
2322668037,Farzana Hossain,F,farzana.hossain370@daffodil.edu.bd,01825257150,Daffodil International University,Pharmacy,2023,11,3.63,Narayanganj,Spring Boot; Java; MongoDB; UI/UX Design,Interning
2113032037,Sharmin Bhuiyan,F,sharmin.bhuiyan371@united.edu.bd,01426303975,United International University (UIU),Economics,2021,5,3.13,Barishal,Cybersecurity Basics; Django; MongoDB; Python; Node.js; C++,Applied
2421388037,Tanzim Haque,M,tanzim.haque372@united.edu.bd,01439685270,United International University (UIU),Computer Science & Engineering,2024,12,3.03,Dinajpur,UI/UX Design; Django; SQL; Excel; Node.js,Completed
2212503037,Zubair Hossain,M,zubair.hossain373@bangladesh.edu.bd,01433629344,Bangladesh University of Professionals (BUP),Computer Science & Engineering,2022,5,2.96,Bogura,Django; Kotlin; Python; AWS,Applied
2127188037,Sumaiya Karim,F,sumaiya.karim374@university.edu.bd,01614982824,University of Liberal Arts Bangladesh (ULAB),Architecture,2021,7,2.96,Dhaka,AWS; Kotlin; MongoDB; Cybersecurity Basics; C++; Flutter,Interning
2423238037,Kona Uddin,F,kona.uddin375@american.edu.bd,01666656749,American International University-Bangladesh (AIUB),Pharmacy,2024,3,3.63,Bogura,C++; SQL; React; Kotlin,Interning
2414182037,Anik Ferdous,M,anik.ferdous376@north.edu.bd,01506633705,North South University,Electrical & Electronic Engineering,2024,11,3.69,Mymensingh,Cybersecurity Basics; TensorFlow; Data Analysis; Kotlin; Power BI,Interning
2333644037,Rezwan Karim,M,rezwan.karim377@east.edu.bd,01383626448,East West University,Business Administration,2023,5,2.77,Rangpur,Git; Power BI; Machine Learning,Interning
2136642037,Bristy Uddin,F,bristy.uddin378@ahsanullah.edu.bd,01970116864,Ahsanullah University of Science and Technology (AUST),Electrical & Electronic Engineering,2021,12,3.75,Dhaka,TensorFlow; SQL; Machine Learning; Power BI; Figma,Completed
2219234037,Tania Khan,F,tania.khan379@independent.edu.bd,01567912141,Independent University Bangladesh (IUB),Business Administration,2022,9,3.92,Jessore,PHP Laravel; SQL; TypeScript; TensorFlow; Node.js; Power BI,Interning
2222651038,Samira Karim,F,samira.karim380@north.edu.bd,01906984775,North South University,Computer Science & Engineering,2022,9,2.76,Chattogram,Cybersecurity Basics; React; REST APIs; PHP Laravel; Node.js,Available
2327528038,Tahmina Siddique,F,tahmina.siddique381@united.edu.bd,01862091843,United International University (UIU),English,2023,5,3.22,Dhaka,Data Analysis; UI/UX Design; Java,Applied
2411051038,Priyanka Molla,F,priyanka.molla382@united.edu.bd,01497691567,United International University (UIU),Architecture,2024,12,3.96,Barishal,React; Git; Data Analysis; Node.js; TensorFlow,Interning
2122426038,Jubayer Uddin,M,jubayer.uddin383@east.edu.bd,01911602564,East West University,Business Administration,2021,4,3.12,Rajshahi,TypeScript; Docker; Java; Flutter; Excel; Django,Available
2239060038,Sajid Reza,M,sajid.reza384@american.edu.bd,01868633414,American International University-Bangladesh (AIUB),Electrical & Electronic Engineering,2022,10,2.86,Narayanganj,Django; PHP Laravel; Cybersecurity Basics; MongoDB; Python,Available
2237025038,Sabbir Hossain,M,sabbir.hossain385@independent.edu.bd,01466552899,Independent University Bangladesh (IUB),Media & Journalism,2022,3,2.91,Dhaka,Machine Learning; PHP Laravel; TensorFlow; React; Figma,Applied
2324586038,Mahmudul Ali,M,mahmudul.ali386@north.edu.bd,01814973746,North South University,Architecture,2023,4,3.36,Barishal,C++; MongoDB; Figma; Cybersecurity Basics; Node.js; TensorFlow,Available
2218987038,Faisal Chowdhury,M,faisal.chowdhury387@university.edu.bd,01656618443,University of Liberal Arts Bangladesh (ULAB),Economics,2022,2,3.64,Barishal,REST APIs; TypeScript; React; Excel; Machine Learning,Applied
2123681038,Nabila Chowdhury,F,nabila.chowdhury388@independent.edu.bd,01805912662,Independent University Bangladesh (IUB),Media & Journalism,2021,6,3.46,Jessore,Power BI; Flutter; Figma; C++; SQL; Git,Interning
2136545038,Mahmudul Siddique,M,mahmudul.siddique389@bangladesh.edu.bd,01674926176,Bangladesh University of Professionals (BUP),Business Administration,2021,3,3.48,Dhaka,Git; TensorFlow; Machine Learning; Django,Available
2129351039,Priyanka Siddique,F,priyanka.siddique390@north.edu.bd,01864921518,North South University,Electrical & Electronic Engineering,2021,3,3.03,Mymensingh,Spring Boot; Power BI; Java; PHP Laravel; TypeScript; Machine Learning,Completed
2439830039,Rifat Rashid,M,rifat.rashid391@united.edu.bd,01992087510,United International University (UIU),Pharmacy,2024,3,3.63,Dinajpur,Cybersecurity Basics; SQL; REST APIs,Available
2313043039,Wasif Akter,M,wasif.akter392@united.edu.bd,01748729758,United International University (UIU),Electrical & Electronic Engineering,2023,2,3.37,Rajshahi,Excel; TypeScript; AWS; REST APIs; React,Available
2114081039,Munira Mia,F,munira.mia393@american.edu.bd,01496184462,American International University-Bangladesh (AIUB),Electrical & Electronic Engineering,2021,5,2.92,Gazipur,C++; MongoDB; Excel; SQL,Applied
2212156039,Kona Hossain,F,kona.hossain394@daffodil.edu.bd,01792625660,Daffodil International University,Pharmacy,2022,10,3.52,Narayanganj,Git; Power BI; SQL; Data Analysis; PHP Laravel,Interning
2422457039,Arafat Karim,M,arafat.karim395@north.edu.bd,01461128497,North South University,Electrical & Electronic Engineering,2024,3,3.2,Chattogram,Cybersecurity Basics; Spring Boot; C++; Django; React,Applied
2311785039,Shovon Siddique,M,shovon.siddique396@united.edu.bd,01692408222,United International University (UIU),Civil Engineering,2023,11,2.96,Dinajpur,TypeScript; Data Analysis; REST APIs; Excel; Power BI; MongoDB,Interning
2237852039,Tuli Parvin,F,tuli.parvin397@brac.edu.bd,01734146511,BRAC University,English,2022,12,3.62,Khulna,Docker; Data Analysis; Kotlin; Figma,Completed
2139074039,Mehedi Hossain,M,mehedi.hossain398@north.edu.bd,01678816093,North South University,Computer Science & Engineering,2021,6,3.74,Dinajpur,AWS; REST APIs; Kotlin,Interning
2231693039,Rakib Nasrin,M,rakib.nasrin399@east.edu.bd,01928506762,East West University,English,2022,12,3.5,Sylhet,REST APIs; Cybersecurity Basics; Kotlin; Django,Available
2128915040,Samira Haque,F,samira.haque400@daffodil.edu.bd,01580797050,Daffodil International University,Economics,2021,6,3.11,Rangpur,React; TensorFlow; Git; PHP Laravel,Available
2326808040,Tahmina Uddin,F,tahmina.uddin401@independent.edu.bd,01602437654,Independent University Bangladesh (IUB),Computer Science & Engineering,2023,4,2.76,Rangpur,Flutter; SQL; Python; Kotlin; REST APIs; C++,Available
2138198040,Ishrat Ferdous,F,ishrat.ferdous402@brac.edu.bd,01502665023,BRAC University,Civil Engineering,2021,9,2.95,Rajshahi,TensorFlow; AWS; React; Data Analysis; Power BI,Available
2433087040,Mahjabin Ahmed,F,mahjabin.ahmed403@american.edu.bd,01458030569,American International University-Bangladesh (AIUB),Public Health,2024,12,3.15,Jessore,Kotlin; TensorFlow; Machine Learning; C++; Java; Git,Available
2113498040,Rakib Sarker,M,rakib.sarker404@brac.edu.bd,01836371892,BRAC University,Architecture,2021,8,3.65,Cox's Bazar,Django; Spring Boot; Cybersecurity Basics; Java,Available
2121628040,Sifat Sheikh,M,sifat.sheikh405@united.edu.bd,01366843356,United International University (UIU),Economics,2021,4,3.09,Rajshahi,C++; AWS; React; MongoDB,Available
2326956040,Tasnim Bhuiyan,F,tasnim.bhuiyan406@american.edu.bd,01353474916,American International University-Bangladesh (AIUB),Computer Science & Engineering,2023,3,3.1,Sylhet,Power BI; AWS; Django; UI/UX Design; Node.js,Available
2131223040,Sajid Sarker,M,sajid.sarker407@independent.edu.bd,01534396112,Independent University Bangladesh (IUB),Civil Engineering,2021,3,3.59,Gazipur,UI/UX Design; Data Analysis; TensorFlow; Cybersecurity Basics,Applied
2212226040,Imran Talukder,M,imran.talukder408@bangladesh.edu.bd,01323684855,Bangladesh University of Professionals (BUP),Economics,2022,9,3.91,Comilla,Figma; TensorFlow; Flutter; Cybersecurity Basics; SQL,Interning
2431358040,Samira Jahan,F,samira.jahan409@american.edu.bd,01836788127,American International University-Bangladesh (AIUB),Architecture,2024,10,2.96,Dhaka,Power BI; C++; Figma; Node.js; PHP Laravel,Interning
2311058041,Shahana Zaman,F,shahana.zaman410@independent.edu.bd,01884434481,Independent University Bangladesh (IUB),Media & Journalism,2023,5,2.95,Mymensingh,PHP Laravel; Power BI; React; Kotlin,Applied
2115550041,Rafi Rahman,M,rafi.rahman411@east.edu.bd,01595518426,East West University,Civil Engineering,2021,12,3.89,Chattogram,Node.js; Git; Django; SQL; Excel,Available
2335582041,Nowrin Rahman,F,nowrin.rahman412@united.edu.bd,01864983735,United International University (UIU),Computer Science & Engineering,2023,5,2.97,Jessore,Excel; REST APIs; Cybersecurity Basics,Applied
2218109041,Farhana Talukder,F,farhana.talukder413@united.edu.bd,01824042269,United International University (UIU),Pharmacy,2022,9,3.2,Rajshahi,Python; Flutter; TypeScript; Docker; Power BI; Git,Applied
2422642041,Arafat Chowdhury,M,arafat.chowdhury414@north.edu.bd,01310023142,North South University,Economics,2024,12,3.64,Chattogram,TensorFlow; Cybersecurity Basics; React; MongoDB,Applied
2118871041,Rakibul Aktar,M,rakibul.aktar415@north.edu.bd,01581001841,North South University,English,2021,5,3.68,Dhaka,TypeScript; Figma; UI/UX Design; Flutter; C++; Django,Applied
2223414041,Jannatul Islam,F,jannatul.islam416@daffodil.edu.bd,01331451951,Daffodil International University,Computer Science & Engineering,2022,8,3.18,Mymensingh,Django; REST APIs; Machine Learning; Power BI; Java,Available
2236486041,Mim Ferdous,F,mim.ferdous417@north.edu.bd,01575410225,North South University,Business Administration,2022,8,3.49,Barishal,C++; REST APIs; TensorFlow; Figma; MongoDB; Power BI,Completed
2138003041,Jubayer Sultana,M,jubayer.sultana418@ahsanullah.edu.bd,01667695236,Ahsanullah University of Science and Technology (AUST),Architecture,2021,3,3.93,Rangpur,C++; Python; UI/UX Design; TypeScript; Cybersecurity Basics,Applied
2217911041,Shahana Sarker,F,shahana.sarker419@east.edu.bd,01905872105,East West University,Architecture,2022,8,3.4,Dhaka,Power BI; Python; Django; Data Analysis,Available
2414679042,Israt Uddin,F,israt.uddin420@american.edu.bd,01650191792,American International University-Bangladesh (AIUB),Public Health,2024,5,2.82,Bogura,Java; Power BI; C++; Machine Learning,Available
2137823042,Rezwan Siddique,M,rezwan.siddique421@north.edu.bd,01665704120,North South University,Economics,2021,2,2.93,Bogura,Flutter; TensorFlow; C++; Kotlin,Completed
2128443042,Mahin Zaman,M,mahin.zaman422@brac.edu.bd,01518623690,BRAC University,Business Administration,2021,8,3.43,Rangpur,PHP Laravel; Kotlin; Figma; Power BI; Django,Completed
2126131042,Rifat Khan,M,rifat.khan423@university.edu.bd,01315950342,University of Liberal Arts Bangladesh (ULAB),Public Health,2021,9,3.55,Rajshahi,Machine Learning; TypeScript; Node.js; Data Analysis; Git; AWS,Available
2211530042,Arafat Akter,M,arafat.akter424@east.edu.bd,01340546835,East West University,Civil Engineering,2022,10,3.05,Dhaka,PHP Laravel; Node.js; Flutter,Available
2339250042,Rukhsar Chowdhury,F,rukhsar.chowdhury425@united.edu.bd,01342271133,United International University (UIU),Electrical & Electronic Engineering,2023,8,2.87,Gazipur,React; PHP Laravel; Machine Learning; Flutter,Completed
2316554042,Shahriar Bhuiyan,M,shahriar.bhuiyan426@american.edu.bd,01497102481,American International University-Bangladesh (AIUB),Media & Journalism,2023,9,3.11,Gazipur,Node.js; Power BI; REST APIs; Machine Learning; Django; SQL,Interning
2226952042,Nabila Sultana,F,nabila.sultana427@independent.edu.bd,01647219705,Independent University Bangladesh (IUB),Civil Engineering,2022,3,3.18,Mymensingh,TypeScript; Power BI; Cybersecurity Basics,Available
2436138042,Afsana Kabir,F,afsana.kabir428@university.edu.bd,01938021462,University of Liberal Arts Bangladesh (ULAB),Business Administration,2024,7,3.21,Narayanganj,Kotlin; Docker; Spring Boot; REST APIs; Node.js; MongoDB,Available
2128675042,Ayesha Alam,F,ayesha.alam429@independent.edu.bd,01355973714,Independent University Bangladesh (IUB),Architecture,2021,7,3.54,Rajshahi,Java; Python; TypeScript; Cybersecurity Basics; Machine Learning; AWS,Applied
2216245043,Farzana Mia,F,farzana.mia430@north.edu.bd,01964421214,North South University,Architecture,2022,12,3.45,Rajshahi,Node.js; Data Analysis; AWS; Flutter; SQL; Cybersecurity Basics,Completed
2415250043,Mim Uddin,F,mim.uddin431@university.edu.bd,01456778265,University of Liberal Arts Bangladesh (ULAB),Architecture,2024,10,2.98,Jessore,Python; AWS; UI/UX Design,Available
2233369043,Nusrat Mia,F,nusrat.mia432@ahsanullah.edu.bd,01864807279,Ahsanullah University of Science and Technology (AUST),Media & Journalism,2022,3,3.15,Chattogram,React; C++; Docker; Flutter; UI/UX Design,Interning
2417185043,Imran Akter,M,imran.akter433@ahsanullah.edu.bd,01344817766,Ahsanullah University of Science and Technology (AUST),Economics,2024,10,3.02,Barishal,SQL; REST APIs; PHP Laravel; React,Interning
2318517043,Rukhsar Rashid,F,rukhsar.rashid434@east.edu.bd,01864911110,East West University,Public Health,2023,3,3.28,Rangpur,Excel; MongoDB; TypeScript; AWS,Available
2129247043,Nabila Sarker,F,nabila.sarker435@ahsanullah.edu.bd,01686137157,Ahsanullah University of Science and Technology (AUST),Media & Journalism,2021,12,3.46,Rajshahi,REST APIs; Figma; AWS,Available
2335333043,Afsana Islam,F,afsana.islam436@daffodil.edu.bd,01589552963,Daffodil International University,Economics,2023,6,3.13,Dhaka,REST APIs; Django; React; AWS; Node.js; Power BI,Available
2437396043,Sumaiya Molla,F,sumaiya.molla437@united.edu.bd,01828196482,United International University (UIU),Computer Science & Engineering,2024,4,3.95,Rangpur,Machine Learning; UI/UX Design; Kotlin; TypeScript,Available
2133507043,Farhana Hossain,F,farhana.hossain438@north.edu.bd,01652334383,North South University,Pharmacy,2021,12,2.78,Bogura,PHP Laravel; Machine Learning; React,Interning
2212694043,Rifah Reza,F,rifah.reza439@north.edu.bd,01317536170,North South University,Electrical & Electronic Engineering,2022,12,2.89,Khulna,Java; C++; Figma,Completed
2227148044,Ayesha Sarker,F,ayesha.sarker440@bangladesh.edu.bd,01315579980,Bangladesh University of Professionals (BUP),Electrical & Electronic Engineering,2022,12,3.84,Narayanganj,TypeScript; Cybersecurity Basics; Figma; React; TensorFlow; PHP Laravel,Interning
2219781044,Shovon Parvin,M,shovon.parvin441@brac.edu.bd,01324473158,BRAC University,Electrical & Electronic Engineering,2022,11,2.78,Barishal,SQL; Data Analysis; Java; React,Available
2423833044,Kona Parvin,F,kona.parvin442@ahsanullah.edu.bd,01876769459,Ahsanullah University of Science and Technology (AUST),Pharmacy,2024,5,2.99,Sylhet,Machine Learning; Java; PHP Laravel; Cybersecurity Basics; Figma,Interning
2332052044,Mahin Ali,M,mahin.ali443@american.edu.bd,01985601256,American International University-Bangladesh (AIUB),Media & Journalism,2023,7,3.3,Rangpur,Kotlin; Spring Boot; PHP Laravel,Available
2323003044,Ehsan Alam,M,ehsan.alam444@north.edu.bd,01538164938,North South University,English,2023,4,2.76,Mymensingh,Power BI; UI/UX Design; SQL,Applied
2137909044,Mahmudul Mia,M,mahmudul.mia445@brac.edu.bd,01561172959,BRAC University,Media & Journalism,2021,11,3.59,Mymensingh,UI/UX Design; Cybersecurity Basics; SQL; Power BI; Node.js; Flutter,Available
2123147044,Tanjina Talukder,F,tanjina.talukder446@north.edu.bd,01964455618,North South University,Computer Science & Engineering,2021,9,3.79,Chattogram,Node.js; Excel; Kotlin; Cybersecurity Basics; UI/UX Design; React,Applied
2432989044,Trisha Molla,F,trisha.molla447@north.edu.bd,01356321358,North South University,Civil Engineering,2024,9,3.79,Cox's Bazar,React; Django; Node.js,Available
2122229044,Shakib Karim,M,shakib.karim448@daffodil.edu.bd,01929671883,Daffodil International University,Computer Science & Engineering,2021,2,3.07,Chattogram,Spring Boot; Power BI; TypeScript; C++; PHP Laravel; Docker,Available
2225853044,Trisha Karim,F,trisha.karim449@independent.edu.bd,01317030376,Independent University Bangladesh (IUB),Architecture,2022,3,3.62,Cox's Bazar,Excel; Django; REST APIs; Git; TensorFlow,Available
2338438045,Zubair Ahmed,M,zubair.ahmed450@independent.edu.bd,01998363146,Independent University Bangladesh (IUB),Media & Journalism,2023,6,3.56,Rangpur,C++; Django; Data Analysis,Completed
2212805045,Iqbal Mahmud,M,iqbal.mahmud451@east.edu.bd,01715632686,East West University,Electrical & Electronic Engineering,2022,9,3.05,Barishal,TypeScript; Spring Boot; React; Flutter; Kotlin; Docker,Available
2127923045,Tasnim Sultana,F,tasnim.sultana452@brac.edu.bd,01761031310,BRAC University,Electrical & Electronic Engineering,2021,12,2.99,Comilla,Machine Learning; TypeScript; MongoDB; Spring Boot,Interning
2117628045,Wasif Karim,M,wasif.karim453@brac.edu.bd,01435494012,BRAC University,Public Health,2021,6,3.23,Khulna,Django; TensorFlow; Power BI,Applied
2232137045,Proma Mahmud,F,proma.mahmud454@daffodil.edu.bd,01441209579,Daffodil International University,Economics,2022,7,2.95,Rangpur,Docker; C++; React; REST APIs; Flutter,Available
2135762045,Zubair Mahmud,M,zubair.mahmud455@brac.edu.bd,01675847457,BRAC University,Electrical & Electronic Engineering,2021,2,3.78,Jessore,Cybersecurity Basics; C++; Java; Figma,Interning
2429508045,Ehsan Uddin,M,ehsan.uddin456@united.edu.bd,01570396531,United International University (UIU),Public Health,2024,3,3.65,Narayanganj,C++; AWS; Django,Completed
2415346045,Jubayer Sheikh,M,jubayer.sheikh457@north.edu.bd,01785916795,North South University,Civil Engineering,2024,10,3.87,Khulna,UI/UX Design; Machine Learning; PHP Laravel; AWS; Spring Boot,Available
2419571045,Samira Islam,F,samira.islam458@american.edu.bd,01591074065,American International University-Bangladesh (AIUB),Business Administration,2024,12,3.94,Mymensingh,Figma; Flutter; Python; React,Available
2235434045,Shakib Karim,M,shakib.karim459@north.edu.bd,01536661449,North South University,Civil Engineering,2022,3,2.93,Rajshahi,AWS; PHP Laravel; Python; Figma,Available
2215096046,Rima Talukder,F,rima.talukder460@american.edu.bd,01661287585,American International University-Bangladesh (AIUB),English,2022,12,2.92,Mymensingh,Figma; Python; PHP Laravel; Git,Applied
2431432046,Rukhsar Kabir,F,rukhsar.kabir461@american.edu.bd,01789406260,American International University-Bangladesh (AIUB),Pharmacy,2024,2,3.93,Comilla,Python; C++; MongoDB; Figma; Django; PHP Laravel,Applied
2132753046,Nazia Sultana,F,nazia.sultana462@university.edu.bd,01319803828,University of Liberal Arts Bangladesh (ULAB),Electrical & Electronic Engineering,2021,6,3.16,Bogura,Figma; PHP Laravel; Flutter,Available
2321105046,Israt Alam,F,israt.alam463@daffodil.edu.bd,01713317087,Daffodil International University,Business Administration,2023,12,3.74,Gazipur,Java; Python; React; C++,Completed
2419957046,Tasnim Jahan,F,tasnim.jahan464@north.edu.bd,01832883774,North South University,Pharmacy,2024,4,3.07,Sylhet,REST APIs; MongoDB; Java; AWS; C++; React,Available
2432758046,Nabila Talukder,F,nabila.talukder465@american.edu.bd,01509705277,American International University-Bangladesh (AIUB),Civil Engineering,2024,8,3.32,Rangpur,C++; React; Figma; Docker; Java; PHP Laravel,Available
2239602046,Nusrat Khan,F,nusrat.khan466@independent.edu.bd,01757244617,Independent University Bangladesh (IUB),Public Health,2022,7,3.23,Barishal,TypeScript; Git; C++,Interning
2336309046,Mou Molla,F,mou.molla467@united.edu.bd,01431177533,United International University (UIU),Media & Journalism,2023,4,3.47,Dhaka,PHP Laravel; MongoDB; Machine Learning; Python; Node.js,Completed
2135103046,Zawad Parvin,M,zawad.parvin468@daffodil.edu.bd,01325176298,Daffodil International University,Pharmacy,2021,2,2.89,Gazipur,Docker; Cybersecurity Basics; Data Analysis,Interning
2233655046,Nafis Karim,M,nafis.karim469@american.edu.bd,01320569815,American International University-Bangladesh (AIUB),Civil Engineering,2022,5,3.28,Narayanganj,Python; PHP Laravel; React; Git,Available
2426840047,Shovon Sarker,M,shovon.sarker470@brac.edu.bd,01712841173,BRAC University,Economics,2024,10,3.51,Rangpur,Python; Docker; AWS; Git,Completed
2326863047,Mahin Mia,M,mahin.mia471@independent.edu.bd,01784690819,Independent University Bangladesh (IUB),Economics,2023,6,2.83,Rajshahi,Figma; Python; Excel; PHP Laravel,Completed
2416481047,Rifah Sheikh,F,rifah.sheikh472@north.edu.bd,01903719905,North South University,English,2024,6,3.84,Cox's Bazar,C++; SQL; Excel,Interning
2421683047,Anik Molla,M,anik.molla473@ahsanullah.edu.bd,01400038960,Ahsanullah University of Science and Technology (AUST),Electrical & Electronic Engineering,2024,4,2.88,Khulna,Kotlin; Django; Git; Data Analysis; AWS; Flutter,Interning
2433257047,Tasnim Ali,F,tasnim.ali474@ahsanullah.edu.bd,01333190368,Ahsanullah University of Science and Technology (AUST),Business Administration,2024,8,2.89,Barishal,MongoDB; Data Analysis; SQL,Applied
2118185047,Rakibul Mahmud,M,rakibul.mahmud475@united.edu.bd,01529671114,United International University (UIU),Computer Science & Engineering,2021,2,2.97,Narayanganj,UI/UX Design; Data Analysis; MongoDB,Completed
2235959047,Zubair Nasrin,M,zubair.nasrin476@ahsanullah.edu.bd,01305697413,Ahsanullah University of Science and Technology (AUST),English,2022,9,3.91,Bogura,Git; Django; Kotlin; Spring Boot; UI/UX Design,Applied
2223325047,Shovon Alam,M,shovon.alam477@brac.edu.bd,01370449641,BRAC University,Public Health,2022,3,2.79,Mymensingh,Power BI; Docker; Git; Cybersecurity Basics,Completed
2128274047,Tanzim Mahmud,M,tanzim.mahmud478@east.edu.bd,01508509549,East West University,Architecture,2021,8,2.8,Comilla,Machine Learning; TypeScript; REST APIs; AWS,Available
2431935047,Tanvir Haque,M,tanvir.haque479@ahsanullah.edu.bd,01984267320,Ahsanullah University of Science and Technology (AUST),Media & Journalism,2024,8,3.74,Gazipur,TensorFlow; REST APIs; Figma; Excel; Docker; AWS,Interning
2337465048,Mahjabin Hossain,F,mahjabin.hossain480@bangladesh.edu.bd,01595427707,Bangladesh University of Professionals (BUP),Public Health,2023,7,2.8,Gazipur,Data Analysis; Spring Boot; REST APIs; Git; Cybersecurity Basics,Available
2212303048,Rayhan Rahman,M,rayhan.rahman481@bangladesh.edu.bd,01972322903,Bangladesh University of Professionals (BUP),Architecture,2022,8,3.09,Jessore,Python; Docker; TypeScript; Spring Boot; Cybersecurity Basics,Available
2334734048,Imran Khan,M,imran.khan482@united.edu.bd,01451187181,United International University (UIU),Architecture,2023,2,2.82,Bogura,Spring Boot; React; REST APIs; Data Analysis; Excel,Available
2125638048,Asif Haque,M,asif.haque483@east.edu.bd,01590250429,East West University,Pharmacy,2021,12,2.93,Barishal,MongoDB; Data Analysis; UI/UX Design; AWS; Git,Applied
2321534048,Mahmudul Molla,M,mahmudul.molla484@brac.edu.bd,01498986818,BRAC University,English,2023,5,3.56,Chattogram,Machine Learning; Cybersecurity Basics; Git; Python,Completed
2424195048,Mahin Sarker,M,mahin.sarker485@united.edu.bd,01337651588,United International University (UIU),Public Health,2024,7,3.78,Barishal,Django; UI/UX Design; Cybersecurity Basics; Data Analysis; Docker,Interning
2413052048,Ashraf Sheikh,M,ashraf.sheikh486@american.edu.bd,01545511668,American International University-Bangladesh (AIUB),Economics,2024,8,3.89,Narayanganj,Cybersecurity Basics; AWS; REST APIs; PHP Laravel,Available
2213732048,Wasif Sarker,M,wasif.sarker487@united.edu.bd,01360212886,United International University (UIU),Economics,2022,9,2.9,Chattogram,Cybersecurity Basics; Excel; Power BI; Flutter; TensorFlow,Available
2216518048,Rukhsar Chowdhury,F,rukhsar.chowdhury488@independent.edu.bd,01576764722,Independent University Bangladesh (IUB),Public Health,2022,6,3.85,Chattogram,PHP Laravel; MongoDB; Java; TensorFlow; Node.js,Interning
2338430048,Rezwan Ferdous,M,rezwan.ferdous489@north.edu.bd,01398898645,North South University,Media & Journalism,2023,12,3.22,Khulna,TypeScript; Kotlin; PHP Laravel; Spring Boot; Java; Django,Applied
2129505049,Nowrin Zaman,F,nowrin.zaman490@brac.edu.bd,01444913421,BRAC University,Business Administration,2021,5,3.09,Mymensingh,Java; Data Analysis; Figma; TypeScript; Spring Boot,Applied
2119844049,Piash Rashid,M,piash.rashid491@american.edu.bd,01767827411,American International University-Bangladesh (AIUB),Business Administration,2021,11,3.41,Khulna,React; Flutter; Data Analysis; SQL,Completed
2316795049,Ishrat Sarker,F,ishrat.sarker492@brac.edu.bd,01681506185,BRAC University,Business Administration,2023,12,3.74,Comilla,TensorFlow; Python; UI/UX Design; TypeScript,Available
2117163049,Piash Reza,M,piash.reza493@university.edu.bd,01474231830,University of Liberal Arts Bangladesh (ULAB),Computer Science & Engineering,2021,5,3.82,Sylhet,REST APIs; SQL; Spring Boot; Flutter,Applied
2225310049,Ayesha Sarker,F,ayesha.sarker494@east.edu.bd,01534776958,East West University,Economics,2022,2,3.5,Narayanganj,Git; Data Analysis; Flutter; Kotlin,Completed
2425053049,Anika Ahmed,F,anika.ahmed495@brac.edu.bd,01862779630,BRAC University,Civil Engineering,2024,9,3.56,Narayanganj,TypeScript; Docker; UI/UX Design,Available
2125286049,Mahjabin Bhuiyan,F,mahjabin.bhuiyan496@brac.edu.bd,01450476392,BRAC University,Pharmacy,2021,10,3.58,Khulna,Machine Learning; Docker; AWS; Cybersecurity Basics; Spring Boot; Node.js,Applied
2122478049,Sabbir Molla,M,sabbir.molla497@east.edu.bd,01583286342,East West University,Business Administration,2021,2,3.71,Dhaka,Data Analysis; Cybersecurity Basics; Excel; Python; Git,Applied
2119627049,Tahmina Kabir,F,tahmina.kabir498@brac.edu.bd,01830416624,BRAC University,Economics,2021,2,2.88,Rajshahi,Flutter; Node.js; TypeScript; Figma; REST APIs; React,Interning
2139875049,Arafat Hossain,M,arafat.hossain499@american.edu.bd,01945680447,American International University-Bangladesh (AIUB),Pharmacy,2021,2,3.49,Rajshahi,Java; TensorFlow; PHP Laravel; Machine Learning,Interning
2428037050,Mahmudul Karim,M,mahmudul.karim500@bangladesh.edu.bd,01665817390,Bangladesh University of Professionals (BUP),Media & Journalism,2024,8,2.86,Rajshahi,Excel; Spring Boot; Flutter; Figma; Cybersecurity Basics; Kotlin,Applied
